-- phpMyAdmin SQL Dump
-- version 4.8.5
-- https://www.phpmyadmin.net/
--
-- Host: 127.0.0.1
-- Generation Time: Apr 12, 2020 at 03:28 PM
-- Server version: 10.1.38-MariaDB
-- PHP Version: 7.3.3

SET SQL_MODE = "NO_AUTO_VALUE_ON_ZERO";
SET AUTOCOMMIT = 0;
START TRANSACTION;
SET time_zone = "+00:00";


/*!40101 SET @OLD_CHARACTER_SET_CLIENT=@@CHARACTER_SET_CLIENT */;
/*!40101 SET @OLD_CHARACTER_SET_RESULTS=@@CHARACTER_SET_RESULTS */;
/*!40101 SET @OLD_COLLATION_CONNECTION=@@COLLATION_CONNECTION */;
/*!40101 SET NAMES utf8mb4 */;

--
-- Database: `posdb`
--

-- --------------------------------------------------------

--
-- Table structure for table `activity_logs`
--
-- create database

CREATE DATABASE IF NOT EXISTS posdb;

use posdb;

CREATE TABLE `activity_logs` (
  `id` int(11) NOT NULL,
  `username` varchar(255) NOT NULL,
  `date_created` datetime NOT NULL DEFAULT CURRENT_TIMESTAMP,
  `action` varchar(255) NOT NULL
) ENGINE=InnoDB DEFAULT CHARSET=latin1;

--
-- Dumping data for table `activity_logs`
--

INSERT INTO `activity_logs` (`id`, `username`, `date_created`, `action`) VALUES
(1, 'bgemry', '2019-08-26 17:29:10', 'Updates Item id # 1002'),
(2, 'bgemry', '2019-08-26 17:31:33', 'Delete Item id # 1002'),
(3, 'bgemry', '2019-08-26 17:35:49', 'Searches Item hello'),
(4, 'bgemry', '2019-08-26 17:42:08', 'Logged-out'),
(5, 'bgemry', '2019-08-26 17:42:50', 'Logged-in'),
(6, 'bgemry', '2019-08-26 17:43:02', 'Logged-out'),
(7, 'bgemry', '2019-09-05 17:30:07', 'Logged-in'),
(8, 'bgemry', '2019-09-05 17:30:47', 'Logged-out'),
(9, 'bgemry', '2019-09-05 17:40:41', 'Logged-in'),
(10, 'bgemry', '2019-09-05 17:43:06', 'Logged-out'),
(11, 'testing', '2019-09-05 17:47:10', 'Logged-in'),
(12, 'bgemry', '2019-09-09 19:27:37', 'Logged-in'),
(13, 'bgemry', '2019-09-30 09:33:08', 'Logged-in'),
(14, 'bgemry', '2019-09-30 09:47:04', 'Updates Item id # 1001'),
(15, 'bgemry', '2019-09-30 09:47:15', 'Updates Item id # 1001'),
(16, 'bgemry', '2019-09-30 09:47:24', 'Updates Item id # 1001'),
(17, 'bgemry', '2019-09-30 11:15:58', 'Create Item '),
(18, 'bgemry', '2019-09-30 11:48:25', 'Create Item '),
(19, 'bgemry', '2019-09-30 13:22:09', 'Delete Item id # '),
(20, 'bgemry', '2019-09-30 13:22:20', 'Delete Item id # 1003'),
(21, 'bgemry', '2019-09-30 13:22:25', 'Delete Item id # 1002'),
(22, 'bgemry', '2019-09-30 13:22:39', 'Updates Item id # 1001'),
(23, 'bgemry', '2019-09-30 13:28:16', 'Create Item '),
(24, 'bgemry', '2019-09-30 13:33:25', 'Create Item '),
(25, 'bgemry', '2019-09-30 13:34:25', 'Create Item '),
(26, 'bgemry', '2019-09-30 13:35:27', 'Create Item '),
(27, 'bgemry', '2019-09-30 13:36:32', 'Create Item '),
(28, 'bgemry', '2019-09-30 13:47:33', 'Create Item '),
(29, 'bgemry', '2019-09-30 13:47:45', 'Delete Item id # 1009'),
(30, 'bgemry', '2019-09-30 13:48:21', 'Create Item '),
(31, 'bgemry', '2019-09-30 13:48:26', 'Delete Item id # 1010'),
(32, 'bgemry', '2019-09-30 13:49:33', 'Create Item '),
(33, 'bgemry', '2019-09-30 13:49:38', 'Delete Item id # 1011'),
(34, 'bgemry', '2019-09-30 13:49:52', 'Create Item '),
(35, 'bgemry', '2019-09-30 13:49:58', 'Delete Item id # 1012'),
(36, 'bgemry', '2019-09-30 13:50:37', 'Create Item '),
(37, 'bgemry', '2019-09-30 13:50:42', 'Delete Item id # 1013'),
(38, 'bgemry', '2019-09-30 13:50:46', 'Delete Item id # 1008'),
(39, 'bgemry', '2019-09-30 13:55:19', 'Create Item '),
(40, 'bgemry', '2019-09-30 13:56:51', 'Create Item '),
(41, 'bgemry', '2019-09-30 13:59:45', 'Create Item '),
(42, 'bgemry', '2019-09-30 14:00:12', 'Create Item '),
(43, 'bgemry', '2019-09-30 14:00:22', 'Delete Item id # 1017'),
(44, 'bgemry', '2019-09-30 14:06:44', 'Create Item '),
(45, 'bgemry', '2019-09-30 14:08:27', 'Delete Item id # 1018'),
(46, 'bgemry', '2019-09-30 14:11:25', 'Create Item '),
(47, 'bgemry', '2019-09-30 14:11:32', 'Delete Item id # 1019'),
(48, 'bgemry', '2019-09-30 14:11:58', 'Create Item '),
(49, 'bgemry', '2019-09-30 14:12:04', 'Delete Item id # 1020'),
(50, 'bgemry', '2019-09-30 14:17:41', 'Create Item '),
(51, 'bgemry', '2019-09-30 14:19:01', 'Create Item '),
(52, 'bgemry', '2019-09-30 14:33:57', 'Delete Item id # 1022'),
(53, 'bgemry', '2019-09-30 14:34:02', 'Delete Item id # 1021'),
(54, 'bgemry', '2019-09-30 14:39:50', 'Searches Item bom'),
(55, 'bgemry', '2019-09-30 14:40:58', 'Delete Item id # 1007'),
(56, 'bgemry', '2019-09-30 14:51:40', 'Create Item '),
(57, 'bgemry', '2019-09-30 14:52:15', 'Delete Item id # 1023'),
(58, 'bgemry', '2019-09-30 14:55:01', 'Create Item '),
(59, 'bgemry', '2019-09-30 14:55:23', 'Delete Item id # '),
(60, 'bgemry', '2019-09-30 14:55:30', 'Create Item '),
(61, 'bgemry', '2019-09-30 14:55:46', 'Create Item '),
(62, 'bgemry', '2019-09-30 14:56:11', 'Create Item '),
(63, 'bgemry', '2019-09-30 14:56:47', 'Create Item '),
(64, 'bgemry', '2019-09-30 14:57:02', 'Create Item '),
(65, 'bgemry', '2019-09-30 14:57:17', 'Create Item '),
(66, 'bgemry', '2019-09-30 14:57:33', 'Create Item '),
(67, 'bgemry', '2019-09-30 14:58:51', 'Delete Item id # '),
(68, 'bgemry', '2019-09-30 15:03:34', 'Delete Item id # 1031'),
(69, 'bgemry', '2019-09-30 15:03:40', 'Delete Item id # 1030'),
(70, 'bgemry', '2019-09-30 15:16:20', 'Create Item '),
(71, 'bgemry', '2019-09-30 18:06:54', 'Logged-in'),
(72, 'bgemry', '2019-10-03 10:36:26', 'Logged-in'),
(73, 'bgemry', '2019-10-03 10:36:58', 'Create Company google'),
(74, 'bgemry', '2019-10-03 10:37:19', 'Create Item Isko'),
(75, 'bgemry', '2019-10-03 10:58:15', 'Create Item Oca'),
(76, 'bgemry', '2019-10-03 11:00:48', 'Delete Item id # 2'),
(77, 'bgemry', '2019-10-03 11:13:33', 'Searches Item asd'),
(78, 'bgemry', '2019-10-03 11:17:05', 'Logged-out'),
(79, 'bgemry', '2019-10-03 11:24:40', 'Logged-in'),
(80, 'bgemry', '2019-10-03 11:24:46', 'Logged-out'),
(81, 'nodado', '2019-10-14 11:47:56', 'Logged-in'),
(82, 'nodado', '2019-10-14 11:48:00', 'Logged-out'),
(83, 'bgemry', '2019-10-14 11:48:23', 'Logged-in'),
(84, 'bgemry', '2019-10-14 11:48:34', 'Searches Item hello'),
(85, 'bgemry', '2019-10-14 11:48:38', 'Searches Item asd'),
(86, 'bgemry', '2019-10-14 13:00:34', 'Searches Item chicken'),
(87, 'bgemry', '2019-10-14 13:01:47', 'Searches Item chick'),
(88, 'bgemry', '2019-10-14 16:49:29', 'Logged-in'),
(89, 'bgemry', '2019-10-14 18:01:52', 'Delete Sales id # 1003'),
(90, 'bgemry', '2019-10-14 18:09:11', 'Logged-in'),
(91, 'bgemry', '2019-10-14 18:11:02', 'Logged-in'),
(92, 'bgemry', '2019-10-14 18:11:21', 'Logged-in'),
(93, 'bgemry', '2019-10-15 06:12:39', 'Logged-in'),
(94, 'bgemry', '2019-10-15 06:15:46', 'Created Customer Jun Jun'),
(95, 'bgemry', '2019-10-15 06:17:49', 'Delete Item id # 1029'),
(96, 'bgemry', '2019-10-15 06:17:53', 'Delete Item id # 1028'),
(97, 'bgemry', '2019-10-15 06:17:57', 'Delete Item id # 1027'),
(98, 'bgemry', '2019-10-15 06:18:10', 'Create Item '),
(99, 'bgemry', '2019-10-15 06:18:28', 'Updates Item id # 1033'),
(100, 'bgemry', '2019-10-15 06:22:34', 'Updates Item id # 1033'),
(101, 'bgemry', '2019-10-15 06:28:30', 'Logged-out'),
(102, 'nodado', '2019-10-15 06:28:49', 'Logged-in'),
(103, 'nodado', '2019-10-15 06:29:24', 'Generates receipt id # 1034'),
(104, 'nodado', '2019-10-15 06:30:56', 'Logged-out'),
(105, 'bgemry', '2019-10-15 06:31:02', 'Logged-in'),
(106, 'bgemry', '2019-10-15 06:31:24', 'Create Item '),
(107, 'bgemry', '2019-10-15 06:31:29', 'Delete Item id # 1034'),
(108, 'bgemry', '2019-10-16 13:40:01', 'Logged-in'),
(109, 'bgemry', '2019-10-16 13:51:06', 'Delete Item id # 1033'),
(110, 'bgemry', '2019-10-16 13:51:11', 'Recoverd Item id # 1033'),
(111, 'bgemry', '2020-03-21 12:15:05', 'Logged-in');

-- --------------------------------------------------------

--
-- Table structure for table `customers`
--

CREATE TABLE `customers` (
  `id` int(11) NOT NULL,
  `name` varchar(255) NOT NULL,
  `address` varchar(255) NOT NULL,
  `contactno` varchar(16) NOT NULL
) ENGINE=InnoDB DEFAULT CHARSET=latin1;

--
-- Dumping data for table `customers`
--

INSERT INTO `customers` (`id`, `name`, `address`, `contactno`) VALUES
(1, 'Isko', 'Caloocan', '09152243414'),
(2, 'Jun Jun', 'Masbate Manila', '00099223423');

-- --------------------------------------------------------

--
-- Table structure for table `itemreturns`
--

CREATE TABLE `itemreturns` (
  `id` int(11) NOT NULL,
  `item_id` int(11) NOT NULL,
  `comments` text NOT NULL,
  `date_created` timestamp NOT NULL DEFAULT CURRENT_TIMESTAMP
) ENGINE=InnoDB DEFAULT CHARSET=latin1;

--
-- Dumping data for table `itemreturns`
--

INSERT INTO `itemreturns` (`id`, `item_id`, `comments`, `date_created`) VALUES
(1, 1032, 'mabaho', '2019-10-14 22:27:13'),
(2, 1032, '', '2019-10-14 22:27:13');

-- --------------------------------------------------------

--
-- Table structure for table `items`
--

CREATE TABLE `items` (
  `id` int(11) NOT NULL,
  `name` varchar(255) NOT NULL,
  `price` decimal(10,2) NOT NULL,
  `discount` decimal(10,2) DEFAULT '0.00',
  `qty` int(11) NOT NULL DEFAULT '1'
) ENGINE=InnoDB DEFAULT CHARSET=latin1;

--
-- Dumping data for table `items`
--

INSERT INTO `items` (`id`, `name`, `price`, `discount`, `qty`) VALUES
(1, 'Squash - Pepper', '97.00', '86.00', 1),
(2, 'Steampan - Lid For Half Size', '246.00', '67.00', 1),
(3, 'Sauce - Mint', '583.00', '10.00', 1),
(4, 'Wine La Vielle Ferme Cote Du', '639.00', '60.00', 1),
(5, 'Jolt Cola', '38.00', '9.00', 1),
(6, 'Table Cloth - 53x69 Colour', '349.00', '51.00', 1),
(7, 'Momiji Oroshi Chili Sauce', '773.00', '76.00', 1),
(8, 'Flour - Whole Wheat', '566.00', '46.00', 1),
(9, 'Oil - Peanut', '708.00', '70.00', 1),
(10, 'Arizona - Green Tea', '693.00', '45.00', 1),
(11, 'Glycerine', '670.00', '24.00', 1),
(12, 'Bread - Crumbs, Bulk', '334.00', '83.00', 1),
(13, 'Rum - Cream, Amarula', '938.00', '79.00', 1),
(14, 'Wine - Saint - Bris 2002, Sauv', '389.00', '93.00', 1),
(15, 'Cardamon Ground', '308.00', '89.00', 1),
(16, 'Bag Clear 10 Lb', '317.00', '27.00', 1),
(17, 'Pasta - Spaghetti, Dry', '578.00', '46.00', 1),
(18, 'Table Cloth 81x81 White', '118.00', '6.00', 1),
(19, 'Soup - Campbells Pasta Fagioli', '721.00', '60.00', 1),
(20, 'Bag - Bread, White, Plain', '271.00', '81.00', 1),
(21, 'Soup - Knorr, Classic Can. Chili', '966.00', '72.00', 1),
(22, 'Lobster - Baby, Boiled', '65.00', '30.00', 1),
(23, 'Beans - Yellow', '905.00', '94.00', 1),
(24, 'Cheese - Brie Roitelet', '886.00', '83.00', 1),
(25, 'Stock - Fish', '460.00', '34.00', 1),
(26, 'Juice - Cranberry, 341 Ml', '298.00', '76.00', 1),
(27, 'Beef Dry Aged Tenderloin Aaa', '853.00', '72.00', 1),
(28, 'Pork - Ham Hocks - Smoked', '693.00', '18.00', 1),
(29, 'Sauce - Plum', '44.00', '78.00', 1),
(30, 'Potatoes - Purple, Organic', '346.00', '44.00', 1),
(31, 'Cherries - Fresh', '400.00', '64.00', 1),
(32, 'Roe - White Fish', '43.00', '38.00', 1),
(33, 'Mustard - Dry, Powder', '990.00', '39.00', 1),
(34, 'Sole - Dover, Whole, Fresh', '588.00', '32.00', 1),
(35, 'Pork Salted Bellies', '913.00', '54.00', 1),
(36, 'Bread Base - Gold Formel', '434.00', '13.00', 1),
(37, 'Ham - Cooked Italian', '209.00', '66.00', 1),
(38, 'Haggis', '52.00', '17.00', 1),
(39, 'Maple Syrup', '992.00', '47.00', 1),
(40, 'Pastry - Apple Muffins - Mini', '323.00', '62.00', 1),
(41, 'Tomatillo', '924.00', '27.00', 1),
(42, 'Clam Nectar', '572.00', '22.00', 1),
(43, 'Veal Inside - Provimi', '811.00', '17.00', 1),
(44, 'Monkfish Fresh - Skin Off', '501.00', '83.00', 1),
(45, 'Swordfish Loin Portions', '980.00', '60.00', 1),
(46, 'Longos - Burritos', '471.00', '3.00', 1),
(47, 'Sprouts - Onion', '255.00', '56.00', 1),
(48, 'Cheese - Augre Des Champs', '470.00', '16.00', 1),
(49, 'Carbonated Water - Wildberry', '92.00', '23.00', 1),
(50, 'Toothpick Frilled', '372.00', '62.00', 1),
(51, 'Fennel', '977.00', '93.00', 1),
(52, 'Island Oasis - Peach Daiquiri', '166.00', '26.00', 1),
(53, 'Wine - Marlbourough Sauv Blanc', '265.00', '1.00', 1),
(54, 'Milk - Buttermilk', '964.00', '82.00', 1),
(55, 'Cake - Mini Cheesecake', '675.00', '68.00', 1),
(56, 'Orange - Canned, Mandarin', '182.00', '48.00', 1),
(57, 'Pasta - Cheese / Spinach Bauletti', '417.00', '74.00', 1),
(58, 'Chips - Miss Vickies', '777.00', '19.00', 1),
(59, 'Sole - Dover, Whole, Fresh', '754.00', '76.00', 1),
(60, 'Tea - Decaf Lipton', '745.00', '37.00', 1),
(61, 'Bread Base - Goodhearth', '554.00', '58.00', 1),
(62, 'Cherries - Maraschino,jar', '65.00', '69.00', 1),
(63, 'Bread - Olive Dinner Roll', '414.00', '9.00', 1),
(64, 'Shallots', '259.00', '22.00', 1),
(65, 'Cake - Bande Of Fruit', '479.00', '46.00', 1),
(66, 'Wine - Prosecco Valdobiaddene', '780.00', '69.00', 1),
(67, 'Cheese - Havarti, Roasted Garlic', '541.00', '23.00', 1),
(68, 'Gingerale - Schweppes, 355 Ml', '80.00', '36.00', 1),
(69, 'Wonton Wrappers', '950.00', '77.00', 1),
(70, 'Zucchini - Yellow', '872.00', '24.00', 1),
(71, 'Beets', '771.00', '12.00', 1),
(72, 'Crab - Soft Shell', '452.00', '97.00', 1),
(73, 'Water, Tap', '381.00', '54.00', 1),
(74, 'Turkey - Oven Roast Breast', '806.00', '56.00', 1),
(75, 'Bread - White Epi Baguette', '906.00', '42.00', 1),
(76, 'Neckerchief Blck', '81.00', '39.00', 1),
(77, 'Clementine', '960.00', '51.00', 1),
(78, 'Juice - Pineapple, 48 Oz', '679.00', '89.00', 1),
(79, 'Anchovy Fillets', '460.00', '47.00', 1),
(80, 'Spice - Paprika', '666.00', '33.00', 1),
(81, 'Lamb - Leg, Diced', '958.00', '10.00', 1),
(82, 'Rum - Cream, Amarula', '471.00', '12.00', 1),
(83, 'Sage - Ground', '277.00', '11.00', 1),
(84, 'Tea Leaves - Oolong', '749.00', '88.00', 1),
(85, 'External Supplier', '681.00', '44.00', 1),
(86, 'Cheese - Brie Roitelet', '652.00', '89.00', 1),
(87, 'Wine - Dubouef Macon - Villages', '283.00', '39.00', 1),
(88, 'Icecream - Dstk Super Cone', '65.00', '41.00', 1),
(89, 'Soap - Hand Soap', '251.00', '6.00', 1),
(90, 'Steam Pan Full Lid', '332.00', '7.00', 1),
(91, 'Vaccum Bag - 14x20', '929.00', '67.00', 1),
(92, 'Beer - Rickards Red', '394.00', '33.00', 1),
(93, 'Sage - Ground', '893.00', '27.00', 1),
(94, 'Venison - Racks Frenched', '111.00', '43.00', 1),
(95, 'Yogurt - Strawberry, 175 Gr', '717.00', '84.00', 1),
(96, 'Cocoa Butter', '288.00', '62.00', 1),
(97, 'Soup - Campbells, Creamy', '516.00', '59.00', 1),
(98, 'Egg - Salad Premix', '180.00', '23.00', 1),
(99, 'Cheese - Brie Roitelet', '728.00', '96.00', 1),
(100, 'Bonito Flakes - Toku Katsuo', '489.00', '29.00', 1),
(101, 'Flour - Cake', '292.00', '62.00', 1),
(102, 'Shrimp - Baby, Cold Water', '776.00', '6.00', 1),
(103, 'Blueberries', '402.00', '100.00', 1),
(104, 'Pasta - Tortellini, Fresh', '219.00', '31.00', 1),
(105, 'Cheese - Asiago', '625.00', '25.00', 1),
(106, 'Flour Dark Rye', '849.00', '16.00', 1),
(107, 'Hot Choc Vending', '502.00', '72.00', 1),
(108, 'Isomalt', '793.00', '79.00', 1),
(109, 'Puff Pastry - Sheets', '603.00', '3.00', 1),
(110, 'Cream - 10%', '673.00', '8.00', 1),
(111, 'Veal - Insides Provini', '555.00', '94.00', 1),
(112, 'Carrots - Purple, Organic', '891.00', '44.00', 1),
(113, 'Oven Mitts 17 Inch', '136.00', '13.00', 1),
(114, 'Wine - Penfolds Koonuga Hill', '540.00', '52.00', 1),
(115, 'Huck White Towels', '182.00', '100.00', 1),
(116, 'Lettuce - Boston Bib - Organic', '39.00', '72.00', 1),
(117, 'Boogies', '952.00', '95.00', 1),
(118, 'Nut - Pumpkin Seeds', '513.00', '81.00', 1),
(119, 'Food Colouring - Green', '234.00', '14.00', 1),
(120, 'Ocean Spray - Kiwi Strawberry', '701.00', '52.00', 1),
(121, 'Cheese - Le Cru Du Clocher', '915.00', '41.00', 1),
(122, 'Stock - Beef, Brown', '611.00', '19.00', 1),
(123, 'Ginger - Crystalized', '252.00', '61.00', 1),
(124, 'Tea - Herbal Orange Spice', '313.00', '46.00', 1),
(125, 'Basil - Thai', '169.00', '60.00', 1),
(126, 'Hipnotiq Liquor', '429.00', '87.00', 1),
(127, 'Yogurt - Banana, 175 Gr', '663.00', '78.00', 1),
(128, 'Wonton Wrappers', '903.00', '77.00', 1),
(129, 'Bread - Malt', '167.00', '51.00', 1),
(130, 'Soho Lychee Liqueur', '378.00', '67.00', 1),
(131, 'Cup - Translucent 7 Oz Clear', '923.00', '25.00', 1),
(132, 'Sprouts Dikon', '956.00', '73.00', 1),
(133, 'Thermometer Digital', '805.00', '67.00', 1),
(134, 'Lettuce - Mini Greens, Whole', '378.00', '78.00', 1),
(135, 'Wine - Vineland Estate Semi - Dry', '659.00', '79.00', 1),
(136, 'Beer - Sleemans Cream Ale', '860.00', '53.00', 1),
(137, 'Wine - Magnotta, White', '812.00', '29.00', 1),
(138, 'Versatainer Nc - 9388', '988.00', '42.00', 1),
(139, 'Rum - Coconut, Malibu', '242.00', '94.00', 1),
(140, 'Pasta - Bauletti, Chicken White', '424.00', '20.00', 1),
(141, 'Oven Mitts - 15 Inch', '553.00', '34.00', 1),
(142, 'Sugar - White Packet', '425.00', '96.00', 1),
(143, 'Wine - Niagara,vqa Reisling', '522.00', '40.00', 1),
(144, 'Juice Peach Nectar', '350.00', '58.00', 1),
(145, 'Bandage - Fexible 1x3', '405.00', '5.00', 1),
(146, 'Stock - Veal, Brown', '288.00', '69.00', 1),
(147, 'Lamb - Whole Head Off,nz', '211.00', '71.00', 1),
(148, 'Melon - Watermelon Yellow', '714.00', '63.00', 1),
(149, 'Vol Au Vents', '399.00', '61.00', 1),
(150, 'Wine - Fume Blanc Fetzer', '322.00', '99.00', 1),
(151, 'Plate Pie Foil', '45.00', '69.00', 1),
(152, 'Sauerkraut', '518.00', '16.00', 1),
(153, 'Towel Dispenser', '59.00', '14.00', 1),
(154, 'Lemonade - Kiwi, 591 Ml', '97.00', '86.00', 1),
(155, 'Soup - Campbells Broccoli', '682.00', '43.00', 1),
(156, 'Dry Ice', '766.00', '32.00', 1),
(157, 'Container - Hngd Cll Blk 7x7x3', '183.00', '96.00', 1),
(158, 'Lamb Rack Frenched Australian', '581.00', '56.00', 1),
(159, 'Seedlings - Mix, Organic', '863.00', '64.00', 1),
(160, 'Beef Wellington', '915.00', '40.00', 1),
(161, 'Grapefruit - White', '712.00', '16.00', 1),
(162, 'Nantuket Peach Orange', '693.00', '61.00', 1),
(163, 'Mangostein', '834.00', '47.00', 1),
(164, 'Cookies - Assorted', '618.00', '79.00', 1),
(165, 'Chocolate - Semi Sweet', '310.00', '30.00', 1),
(166, 'Chives - Fresh', '266.00', '83.00', 1),
(167, 'Bandage - Finger Cots', '261.00', '72.00', 1),
(168, 'Cheese - Ermite Bleu', '621.00', '83.00', 1),
(169, 'Tarragon - Primerba, Paste', '406.00', '95.00', 1),
(170, 'Table Cloth 81x81 Colour', '828.00', '35.00', 1),
(171, 'Sobe - Cranberry Grapefruit', '847.00', '66.00', 1),
(172, 'Lamb - Bones', '350.00', '48.00', 1),
(173, 'Cheese - Fontina', '543.00', '33.00', 1),
(174, 'Thyme - Dried', '502.00', '97.00', 1),
(175, 'Huck Towels White', '234.00', '10.00', 1),
(176, 'Pasta - Canelloni, Single Serve', '845.00', '84.00', 1),
(177, 'Pastrami', '842.00', '77.00', 1),
(178, 'Pasta - Bauletti, Chicken White', '235.00', '63.00', 1),
(179, 'Yogurt - Peach, 175 Gr', '306.00', '63.00', 1),
(180, 'Flour - Teff', '454.00', '46.00', 1),
(181, 'Napkin White - Starched', '530.00', '96.00', 1),
(182, 'Capicola - Hot', '639.00', '53.00', 1),
(183, 'Syrup - Monin - Blue Curacao', '301.00', '65.00', 1),
(184, 'Island Oasis - Ice Cream Mix', '283.00', '98.00', 1),
(185, 'Soap - Pine Sol Floor Cleaner', '873.00', '62.00', 1),
(186, 'Soup - Chicken And Wild Rice', '619.00', '7.00', 1),
(187, 'Mangostein', '68.00', '6.00', 1),
(188, 'Yoplait - Strawbrasp Peac', '258.00', '82.00', 1),
(189, 'Lamb - Loin Chops', '225.00', '75.00', 1),
(190, 'Pate - Peppercorn', '782.00', '17.00', 1),
(191, 'Beets - Golden', '216.00', '18.00', 1),
(192, 'Truffle - Whole Black Peeled', '361.00', '89.00', 1),
(193, 'Appetiser - Bought', '483.00', '48.00', 1),
(194, 'Veal - Brisket, Provimi, Bone - In', '793.00', '86.00', 1),
(195, 'Coffee Cup 12oz 5342cd', '761.00', '13.00', 1),
(196, 'Tortillas - Flour, 8', '761.00', '37.00', 1),
(197, 'Wine - Coteaux Du Tricastin Ac', '218.00', '34.00', 1),
(198, 'Dried Figs', '340.00', '13.00', 1),
(199, 'Vodka - Hot, Lnferno', '677.00', '71.00', 1),
(200, 'Rice Wine - Aji Mirin', '847.00', '40.00', 1),
(201, 'Celery Root', '638.00', '93.00', 1),
(202, 'Ginger - Fresh', '555.00', '82.00', 1),
(203, 'Onions - Vidalia', '380.00', '32.00', 1),
(204, 'Ecolab Silver Fusion', '566.00', '53.00', 1),
(205, 'Muffin - Carrot Individual Wrap', '307.00', '66.00', 1),
(206, 'Soap - Mr.clean Floor Soap', '345.00', '44.00', 1),
(207, 'Wine - Jafflin Bourgongone', '250.00', '58.00', 1),
(208, 'Soup - Chicken And Wild Rice', '272.00', '4.00', 1),
(209, 'Longos - Penne With Pesto', '736.00', '35.00', 1),
(210, 'Wine - Black Tower Qr', '730.00', '47.00', 1),
(211, 'Muffin Carrot - Individual', '918.00', '59.00', 1),
(212, 'Appetizer - Mushroom Tart', '118.00', '5.00', 1),
(213, 'Filter - Coffee', '452.00', '81.00', 1),
(214, 'Potatoes - Parissienne', '37.00', '3.00', 1),
(215, 'Coconut - Shredded, Sweet', '339.00', '89.00', 1),
(216, 'Wine - Masi Valpolocell', '766.00', '71.00', 1),
(217, 'Wine - Jaboulet Cotes Du Rhone', '186.00', '49.00', 1),
(218, 'Sandwich Wrap', '742.00', '60.00', 1),
(219, 'Pie Box - Cello Window 2.5', '586.00', '63.00', 1),
(220, 'Cup - 4oz Translucent', '499.00', '8.00', 1),
(221, 'Versatainer Nc - 8288', '950.00', '5.00', 1),
(222, 'Bread - Bagels, Plain', '227.00', '32.00', 1),
(223, 'Wine - Pinot Noir Mondavi Coastal', '108.00', '8.00', 1),
(224, 'Vodka - Hot, Lnferno', '61.00', '47.00', 1),
(225, 'Pasta - Penne Primavera, Single', '343.00', '86.00', 1),
(226, 'Nestea - Ice Tea, Diet', '907.00', '77.00', 1),
(227, 'Wine - Cotes Du Rhone Parallele', '52.00', '22.00', 1),
(228, 'Eggplant - Asian', '360.00', '29.00', 1),
(229, 'Beans - Wax', '614.00', '62.00', 1),
(230, 'Napkin - Beverage 1 Ply', '995.00', '2.00', 1),
(231, 'Ecolab Crystal Fusion', '160.00', '71.00', 1),
(232, 'Wine - Cahors Ac 2000, Clos', '207.00', '8.00', 1),
(233, 'Cheese - Cheddar, Mild', '311.00', '41.00', 1),
(234, 'Mini - Vol Au Vents', '517.00', '70.00', 1),
(235, 'Extract - Lemon', '209.00', '20.00', 1),
(236, 'Appetizer - Smoked Salmon / Dill', '971.00', '46.00', 1),
(237, 'Chevril', '298.00', '6.00', 1),
(238, 'Liners - Banana, Paper', '880.00', '64.00', 1),
(239, 'Juice - Lime', '282.00', '35.00', 1),
(240, 'Seabream Whole Farmed', '383.00', '64.00', 1),
(241, 'Wine - Pinot Noir Mondavi Coastal', '414.00', '28.00', 1),
(242, 'Cheese - Pont Couvert', '984.00', '61.00', 1),
(243, 'Rice - Sushi', '37.00', '27.00', 1),
(244, 'Pepper - Black, Whole', '640.00', '53.00', 1),
(245, 'Bread Base - Goodhearth', '906.00', '34.00', 1),
(246, 'Lettuce - Lolla Rosa', '387.00', '45.00', 1),
(247, 'Corn Shoots', '224.00', '29.00', 1),
(248, 'Extract Vanilla Pure', '158.00', '19.00', 1),
(249, 'Bread - Pain Au Liat X12', '191.00', '70.00', 1),
(250, 'Lid - 16 Oz And 32 Oz', '75.00', '49.00', 1),
(251, 'Steel Wool', '307.00', '59.00', 1),
(252, 'Ice Cream Bar - Hageen Daz To', '534.00', '28.00', 1),
(253, 'Nantuket Peach Orange', '511.00', '46.00', 1),
(254, 'Bread - Sticks, Thin, Plain', '55.00', '54.00', 1),
(255, 'Mop Head - Cotton, 24 Oz', '84.00', '9.00', 1),
(256, 'Sauce - Hoisin', '168.00', '60.00', 1),
(257, 'Bag - Regular Kraft 20 Lb', '385.00', '72.00', 1),
(258, 'Chutney Sauce - Mango', '996.00', '69.00', 1),
(259, 'Capon - Whole', '285.00', '69.00', 1),
(260, 'Oyster - In Shell', '817.00', '16.00', 1),
(261, 'Nantucket - Carrot Orange', '829.00', '26.00', 1),
(262, 'Beans - Fine', '640.00', '6.00', 1),
(263, 'Wine - Crozes Hermitage E.', '36.00', '64.00', 1),
(264, 'Puree - Blackcurrant', '295.00', '6.00', 1),
(265, 'Lamb - Whole Head Off,nz', '375.00', '88.00', 1),
(266, 'Salt And Pepper Mix - Black', '612.00', '78.00', 1),
(267, 'Venison - Denver Leg Boneless', '546.00', '80.00', 1),
(268, 'Island Oasis - Peach Daiquiri', '987.00', '14.00', 1),
(269, 'Thermometer Digital', '809.00', '96.00', 1),
(270, 'Oranges', '124.00', '94.00', 1),
(271, 'Thyme - Dried', '751.00', '33.00', 1),
(272, 'Hummus - Spread', '589.00', '14.00', 1),
(273, 'Container - Clear 16 Oz', '594.00', '49.00', 1),
(274, 'Tomatoes - Cherry', '739.00', '60.00', 1),
(275, 'Rice - Jasmine Sented', '532.00', '14.00', 1),
(276, 'Skirt - 29 Foot', '578.00', '98.00', 1),
(277, 'Spinach - Baby', '754.00', '89.00', 1),
(278, 'Breakfast Quesadillas', '848.00', '66.00', 1),
(279, 'Water, Tap', '115.00', '96.00', 1),
(280, 'Table Cloth 54x54 Colour', '730.00', '77.00', 1),
(281, 'Dc - Sakura Fu', '853.00', '20.00', 1),
(282, 'Wine - Maipo Valle Cabernet', '45.00', '27.00', 1),
(283, 'Ginger - Fresh', '982.00', '82.00', 1),
(284, 'Wine - Tribal Sauvignon', '206.00', '41.00', 1),
(285, 'Water - San Pellegrino', '691.00', '7.00', 1),
(286, 'Milk - 2%', '618.00', '9.00', 1),
(287, 'Longos - Cheese Tortellini', '591.00', '67.00', 1),
(288, 'Wine - Alsace Riesling Reserve', '741.00', '49.00', 1),
(289, 'Veal - Brisket, Provimi,bnls', '956.00', '85.00', 1),
(290, 'Oil - Grapeseed Oil', '62.00', '38.00', 1),
(291, 'Curry Paste - Madras', '491.00', '81.00', 1),
(292, 'Wine - Chateau Timberlay', '547.00', '92.00', 1),
(293, 'Island Oasis - Lemonade', '909.00', '3.00', 1),
(294, 'Muffin - Zero Transfat', '195.00', '32.00', 1),
(295, 'Roe - Lump Fish, Black', '440.00', '91.00', 1),
(296, 'Liners - Baking Cups', '689.00', '30.00', 1),
(297, 'Oranges', '959.00', '74.00', 1),
(298, 'Paste - Black Olive', '227.00', '57.00', 1),
(299, 'Bacardi Raspberry', '224.00', '4.00', 1),
(300, 'Muffin - Zero Transfat', '396.00', '93.00', 1),
(301, 'Temperature Recording Station', '406.00', '18.00', 1),
(302, 'Wine - Magnotta - Cab Sauv', '273.00', '17.00', 1),
(303, 'Eggplant - Asian', '963.00', '30.00', 1),
(304, 'Containter - 3oz Microwave Rect.', '823.00', '73.00', 1),
(305, 'Cheese - Ricotta', '752.00', '87.00', 1),
(306, 'Pork - Bones', '924.00', '13.00', 1),
(307, 'Wine - Sicilia Igt Nero Avola', '527.00', '86.00', 1),
(308, 'Yogurt - Peach, 175 Gr', '820.00', '64.00', 1),
(309, 'Red Snapper - Fresh, Whole', '127.00', '45.00', 1),
(310, 'Coconut - Whole', '312.00', '95.00', 1),
(311, 'Bok Choy - Baby', '110.00', '63.00', 1),
(312, 'Cheese - Fontina', '923.00', '22.00', 1),
(313, 'Wine - Domaine Boyar Royal', '803.00', '8.00', 1),
(314, 'Oil - Olive Bertolli', '991.00', '25.00', 1),
(315, 'Chicken - Soup Base', '96.00', '45.00', 1),
(316, 'Cheese - Le Cheve Noir', '189.00', '65.00', 1),
(317, 'Sambuca - Ramazzotti', '49.00', '13.00', 1),
(318, 'Blueberries', '63.00', '80.00', 1),
(319, 'Rice - 7 Grain Blend', '856.00', '4.00', 1),
(320, 'Trueblue - Blueberry 12x473ml', '235.00', '69.00', 1),
(321, 'Foam Cup 6 Oz', '639.00', '73.00', 1),
(322, 'Sage Ground Wiberg', '945.00', '87.00', 1),
(323, 'Langers - Ruby Red Grapfruit', '514.00', '16.00', 1),
(324, 'Huck Towels White', '462.00', '1.00', 1),
(325, 'Chervil - Fresh', '462.00', '54.00', 1),
(326, 'Wine - Chianti Classica Docg', '251.00', '51.00', 1),
(327, 'Beans - Soya Bean', '976.00', '16.00', 1),
(328, 'Bread - Multigrain Oval', '660.00', '51.00', 1),
(329, 'Corn Kernels - Frozen', '231.00', '85.00', 1),
(330, 'Grapes - Red', '450.00', '6.00', 1),
(331, 'Veal - Tenderloin, Untrimmed', '726.00', '22.00', 1),
(332, 'Nut - Almond, Blanched, Ground', '941.00', '85.00', 1),
(333, 'Quail - Whole, Bone - In', '279.00', '80.00', 1),
(334, 'Pepper - Yellow Bell', '956.00', '50.00', 1),
(335, 'Alize Gold Passion', '152.00', '42.00', 1),
(336, 'Appetizer - Southwestern', '298.00', '98.00', 1),
(337, 'Jam - Raspberry', '701.00', '4.00', 1),
(338, 'Sugar - Sweet N Low, Individual', '553.00', '7.00', 1),
(339, 'Sage Derby', '509.00', '88.00', 1),
(340, 'Cake Slab', '613.00', '9.00', 1),
(341, 'Bread - 10 Grain', '217.00', '47.00', 1),
(342, 'Pepper Squash', '472.00', '23.00', 1),
(343, 'Crab - Soft Shell', '163.00', '74.00', 1),
(344, 'Coffee - Ristretto Coffee Capsule', '700.00', '59.00', 1),
(345, 'Soup - Campbells Pasta Fagioli', '665.00', '20.00', 1),
(346, 'Wine - Redchard Merritt', '137.00', '25.00', 1),
(347, 'Pail - 4l White, With Handle', '943.00', '98.00', 1),
(348, 'Ezy Change Mophandle', '396.00', '77.00', 1),
(349, 'Rambutan', '564.00', '86.00', 1),
(350, 'Water - Mineral, Carbonated', '767.00', '6.00', 1),
(351, 'Turkey - Breast, Bone - In', '363.00', '98.00', 1),
(352, 'Vinegar - Raspberry', '212.00', '75.00', 1),
(353, 'Cream - 18%', '591.00', '70.00', 1),
(354, 'Artichokes - Knobless, White', '527.00', '94.00', 1),
(355, 'Lamb - Leg, Diced', '508.00', '51.00', 1),
(356, 'Pepper - Black, Crushed', '55.00', '23.00', 1),
(357, 'Tahini Paste', '864.00', '58.00', 1),
(358, 'Pork - Backfat', '187.00', '38.00', 1),
(359, 'Tea - Camomele', '882.00', '66.00', 1),
(360, 'Pepper - Black, Crushed', '527.00', '1.00', 1),
(361, 'Sugar - Icing', '186.00', '32.00', 1),
(362, 'Lettuce - California Mix', '835.00', '12.00', 1),
(363, 'Nut - Pecan, Halves', '516.00', '89.00', 1),
(364, 'Plaintain', '502.00', '56.00', 1),
(365, 'Pasta - Cannelloni, Sheets, Fresh', '284.00', '3.00', 1),
(366, 'Beer - Paulaner Hefeweisse', '120.00', '70.00', 1),
(367, 'Sauce - Vodka Blush', '674.00', '77.00', 1),
(368, 'Wiberg Super Cure', '133.00', '59.00', 1),
(369, 'Beef - Ox Tongue', '202.00', '44.00', 1),
(370, 'Flour - Chickpea', '473.00', '6.00', 1),
(371, 'Wine - Vineland Estate Semi - Dry', '789.00', '72.00', 1),
(372, 'Sprouts - China Rose', '274.00', '79.00', 1),
(373, 'Wine - Fat Bastard Merlot', '845.00', '68.00', 1),
(374, 'Wine - White, Colubia Cresh', '74.00', '92.00', 1),
(375, 'Cod - Fillets', '379.00', '59.00', 1),
(376, 'Bread - Triangle White', '731.00', '59.00', 1),
(377, 'Sobe - Orange Carrot', '754.00', '71.00', 1),
(378, 'Lobster - Tail 6 Oz', '225.00', '57.00', 1),
(379, 'Chef Hat 25cm', '331.00', '57.00', 1),
(380, 'Lobster - Tail, 3 - 4 Oz', '335.00', '93.00', 1),
(381, 'Lettuce - California Mix', '696.00', '64.00', 1),
(382, 'Rootbeer', '371.00', '50.00', 1),
(383, 'Tuna - Canned, Flaked, Light', '306.00', '90.00', 1),
(384, 'Chinese Foods - Cantonese', '825.00', '35.00', 1),
(385, 'Cheese - Wine', '260.00', '54.00', 1),
(386, 'Rabbit - Legs', '860.00', '14.00', 1),
(387, 'Boogies', '361.00', '95.00', 1),
(388, 'Fennel', '47.00', '87.00', 1),
(389, 'Carrots - Mini Red Organic', '755.00', '44.00', 1),
(390, 'Carbonated Water - Blackberry', '103.00', '27.00', 1),
(391, 'Tahini Paste', '346.00', '47.00', 1),
(392, 'Chocolate - Compound Coating', '658.00', '19.00', 1),
(393, 'Crab Meat Claw Pasteurise', '661.00', '82.00', 1),
(394, 'Broccoli - Fresh', '711.00', '92.00', 1),
(395, 'Coffee - Colombian, Portioned', '148.00', '81.00', 1),
(396, 'Molasses - Fancy', '677.00', '99.00', 1),
(397, 'Pepper - Chilli Seeds Mild', '373.00', '51.00', 1),
(398, 'Muffin Carrot - Individual', '358.00', '92.00', 1),
(399, 'Wine - Magnotta - Cab Franc', '675.00', '86.00', 1),
(400, 'Bread - Focaccia Quarter', '240.00', '75.00', 1),
(401, 'Eggplant - Baby', '834.00', '36.00', 1),
(402, 'Squid - Breaded', '820.00', '46.00', 1),
(403, 'Plums - Red', '573.00', '73.00', 1),
(404, 'Danishes - Mini Cheese', '992.00', '55.00', 1),
(405, 'Bagel - Ched Chs Presliced', '800.00', '82.00', 1),
(406, 'Artichoke - Fresh', '949.00', '37.00', 1),
(407, 'Horseradish - Prepared', '211.00', '56.00', 1),
(408, 'Hipnotiq Liquor', '959.00', '35.00', 1),
(409, 'Truffle Cups - Brown', '498.00', '71.00', 1),
(410, 'Pepper - Sorrano', '756.00', '58.00', 1),
(411, 'Spring Roll Veg Mini', '788.00', '36.00', 1),
(412, 'Lemons', '809.00', '65.00', 1),
(413, 'Rabbit - Frozen', '504.00', '99.00', 1),
(414, 'Gatorade - Orange', '585.00', '91.00', 1),
(415, 'Pepper - Green', '784.00', '11.00', 1),
(416, 'Anchovy Fillets', '62.00', '37.00', 1),
(417, 'Bread - Kimel Stick Poly', '953.00', '83.00', 1),
(418, 'Appetizer - Sausage Rolls', '344.00', '23.00', 1),
(419, 'Juice - Mango', '568.00', '25.00', 1),
(420, 'Soup - Beef Conomme, Dry', '131.00', '7.00', 1),
(421, 'Mussels - Cultivated', '854.00', '82.00', 1),
(422, 'Sauce - Apple, Unsweetened', '322.00', '90.00', 1),
(423, 'Tea - Decaf Lipton', '145.00', '89.00', 1),
(424, 'Knife Plastic - White', '879.00', '30.00', 1),
(425, 'Poppy Seed', '611.00', '59.00', 1),
(426, 'Yams', '600.00', '99.00', 1),
(427, 'Figs', '121.00', '50.00', 1),
(428, 'Juice - Grape, White', '296.00', '17.00', 1),
(429, 'Scallops - In Shell', '122.00', '61.00', 1),
(430, 'Wine - Touraine Azay - Le - Rideau', '853.00', '8.00', 1),
(431, 'Gatorade - Lemon Lime', '83.00', '76.00', 1),
(432, 'Steel Wool', '343.00', '48.00', 1),
(433, 'V8 - Berry Blend', '473.00', '56.00', 1),
(434, 'Boogies', '326.00', '58.00', 1),
(435, 'Wine - Guy Sage Touraine', '884.00', '83.00', 1),
(436, 'Scallop - St. Jaques', '806.00', '86.00', 1),
(437, 'Cabbage - Green', '933.00', '37.00', 1),
(438, 'Tomatoes - Hot House', '71.00', '9.00', 1),
(439, 'Leeks - Baby, White', '335.00', '96.00', 1),
(440, 'The Pop Shoppe - Cream Soda', '565.00', '99.00', 1),
(441, 'Pail For Lid 1537', '561.00', '23.00', 1),
(442, 'Cinnamon Buns Sticky', '643.00', '48.00', 1),
(443, 'Eggroll', '427.00', '73.00', 1),
(444, 'Puff Pastry - Slab', '294.00', '43.00', 1),
(445, 'Longos - Cheese Tortellini', '463.00', '99.00', 1),
(446, 'Quinoa', '693.00', '91.00', 1),
(447, 'Muffin Hinge - 211n', '398.00', '70.00', 1),
(448, 'Rhubarb', '563.00', '57.00', 1),
(449, 'Pork - Chop, Frenched', '916.00', '49.00', 1),
(450, 'Cut Wakame - Hanawakaba', '383.00', '48.00', 1),
(451, 'Ezy Change Mophandle', '67.00', '25.00', 1),
(452, 'Pepper - Green', '753.00', '41.00', 1),
(453, 'Napkin - Beverage 1 Ply', '878.00', '15.00', 1),
(454, 'Crackers Cheez It', '802.00', '47.00', 1),
(455, 'Shark - Loin', '255.00', '70.00', 1),
(456, 'Juice Peach Nectar', '961.00', '26.00', 1),
(457, 'Chicken - Base', '170.00', '87.00', 1),
(458, 'Chocolate - Unsweetened', '317.00', '47.00', 1),
(459, 'Bouq All Italian - Primerba', '811.00', '33.00', 1),
(460, 'Cocoa Powder - Dutched', '261.00', '29.00', 1),
(461, 'Pastry - Key Limepoppy Seed Tea', '212.00', '17.00', 1),
(462, 'Soup - Campbells, Lentil', '763.00', '45.00', 1),
(463, 'Muffin Hinge Container 6', '467.00', '100.00', 1),
(464, 'Buffalo - Striploin', '566.00', '92.00', 1),
(465, 'Limes', '315.00', '72.00', 1),
(466, 'Napkin White', '607.00', '79.00', 1),
(467, 'Plastic Wrap', '254.00', '68.00', 1),
(468, 'Blueberries', '82.00', '32.00', 1),
(469, 'Graham Cracker Mix', '152.00', '84.00', 1),
(470, 'Chicken - Base', '259.00', '68.00', 1),
(471, 'Rambutan', '192.00', '73.00', 1),
(472, 'Langers - Cranberry Cocktail', '543.00', '9.00', 1),
(473, 'Soup Campbells - Italian Wedding', '752.00', '10.00', 1),
(474, 'Capon - Breast, Wing On', '692.00', '18.00', 1),
(475, 'Spice - Paprika', '481.00', '10.00', 1),
(476, 'Chips Potato Reg 43g', '348.00', '28.00', 1),
(477, 'Shiro Miso', '308.00', '82.00', 1),
(478, 'Gherkin', '265.00', '4.00', 1),
(479, 'Rum - White, Gg White', '143.00', '35.00', 1),
(480, 'Bagel - Whole White Sesame', '907.00', '65.00', 1),
(481, 'Wine - Ruffino Chianti Classico', '505.00', '23.00', 1),
(482, 'Table Cloth 90x90 White', '121.00', '4.00', 1),
(483, 'Energy Drink Red Bull', '126.00', '74.00', 1),
(484, 'Wine - Chablis J Moreau Et Fils', '989.00', '70.00', 1),
(485, 'Wine - Niagara Peninsula Vqa', '250.00', '43.00', 1),
(486, 'Juice - Orange, 341 Ml', '505.00', '34.00', 1),
(487, 'Beef - Cow Feet Split', '48.00', '8.00', 1),
(488, 'Wine - Casillero Deldiablo', '936.00', '75.00', 1),
(489, 'Pepper - Sorrano', '291.00', '60.00', 1),
(490, 'Muskox - French Rack', '286.00', '87.00', 1),
(491, 'Yokaline', '904.00', '75.00', 1),
(492, 'Nantucket - Carrot Orange', '746.00', '91.00', 1),
(493, 'Curry Paste - Green Masala', '574.00', '28.00', 1),
(494, 'Sprouts - Bean', '798.00', '85.00', 1),
(495, 'Sprouts - Alfalfa', '539.00', '61.00', 1),
(496, 'Table Cloth 62x120 Colour', '474.00', '61.00', 1),
(497, 'Lid - 3oz Med Rec', '863.00', '4.00', 1),
(498, 'Oil - Truffle, Black', '292.00', '28.00', 1),
(499, 'Quail - Jumbo Boneless', '595.00', '62.00', 1),
(500, 'Banana Turning', '127.00', '46.00', 1),
(501, 'Creme De Menth - White', '911.00', '68.00', 1),
(502, 'Chivas Regal - 12 Year Old', '626.00', '41.00', 1),
(503, 'Pepper - Red Thai', '290.00', '1.00', 1),
(504, 'Filling - Mince Meat', '302.00', '24.00', 1),
(505, 'Shrimp - 100 / 200 Cold Water', '621.00', '52.00', 1),
(506, 'Wine - Acient Coast Caberne', '860.00', '23.00', 1),
(507, 'Squid Ink', '562.00', '19.00', 1),
(508, 'Beef - Rib Eye Aaa', '143.00', '2.00', 1),
(509, 'Pepper - Green Thai', '562.00', '40.00', 1),
(510, 'Tortillas - Flour, 10', '861.00', '23.00', 1),
(511, 'Pears - Bosc', '187.00', '79.00', 1),
(512, 'Corn - Cream, Canned', '581.00', '51.00', 1),
(513, 'Fruit Salad Deluxe', '151.00', '89.00', 1),
(514, 'Rum - White, Gg White', '192.00', '96.00', 1),
(515, 'Salt - Kosher', '943.00', '68.00', 1),
(516, 'Squid U5 - Thailand', '282.00', '24.00', 1),
(517, 'Sugar Thermometer', '149.00', '92.00', 1),
(518, 'Wine - Magnotta - Bel Paese White', '557.00', '66.00', 1),
(519, 'Gherkin - Sour', '826.00', '79.00', 1),
(520, 'Campari', '83.00', '3.00', 1),
(521, 'Clam Nectar', '485.00', '4.00', 1),
(522, 'Foie Gras', '842.00', '50.00', 1),
(523, 'Zucchini - Mini, Green', '175.00', '58.00', 1),
(524, 'Eggplant Oriental', '702.00', '53.00', 1),
(525, 'Stock - Fish', '450.00', '25.00', 1),
(526, 'Flour - Cake', '57.00', '86.00', 1),
(527, 'Canada Dry', '367.00', '6.00', 1),
(528, 'Pasta - Lasagne, Fresh', '664.00', '31.00', 1),
(529, 'Capon - Breast, Double, Wing On', '746.00', '37.00', 1),
(530, 'Muffin - Mix - Mango Sour Cherry', '189.00', '81.00', 1),
(531, 'Turkey - Oven Roast Breast', '568.00', '77.00', 1),
(532, 'Doilies - 5, Paper', '51.00', '21.00', 1),
(533, 'Mushroom - Crimini', '267.00', '72.00', 1),
(534, 'Table Cloth 72x144 White', '597.00', '91.00', 1),
(535, 'Bay Leaf', '62.00', '62.00', 1),
(536, 'Flour - Teff', '629.00', '49.00', 1),
(537, 'Stock - Fish', '101.00', '14.00', 1),
(538, 'Garbag Bags - Black', '43.00', '66.00', 1),
(539, 'Garbage Bags - Black', '685.00', '32.00', 1),
(540, 'Pickles - Gherkins', '584.00', '87.00', 1),
(541, 'Soy Protein', '512.00', '21.00', 1),
(542, 'Trout Rainbow Whole', '824.00', '38.00', 1),
(543, 'Rum - Mount Gay Eclipes', '836.00', '57.00', 1),
(544, 'Cheese - Havarti, Roasted Garlic', '646.00', '68.00', 1),
(545, 'Onions - Cippolini', '848.00', '51.00', 1),
(546, 'Scallops - Live In Shell', '410.00', '9.00', 1),
(547, 'Bread Crumbs - Japanese Style', '816.00', '26.00', 1),
(548, 'Bread - Raisin Walnut Pull', '910.00', '16.00', 1),
(549, 'Tart Shells - Savory, 4', '182.00', '71.00', 1),
(550, 'Longos - Penne With Pesto', '737.00', '77.00', 1),
(551, 'Veal - Slab Bacon', '657.00', '45.00', 1),
(552, 'Lamb - Racks, Frenched', '850.00', '42.00', 1),
(553, 'Pasta - Detalini, White, Fresh', '560.00', '98.00', 1),
(554, 'Kirsch - Schloss', '213.00', '52.00', 1),
(555, 'Wine - Magnotta, White', '442.00', '9.00', 1),
(556, 'Chocolate - Pistoles, White', '835.00', '92.00', 1),
(557, 'Chutney Sauce - Mango', '896.00', '11.00', 1),
(558, 'Pasta - Cappellini, Dry', '646.00', '65.00', 1),
(559, 'Silicone Parch. 16.3x24.3', '952.00', '85.00', 1),
(560, 'Kiwano', '700.00', '84.00', 1),
(561, 'Orange - Canned, Mandarin', '766.00', '57.00', 1),
(562, 'Juice - Lime', '805.00', '98.00', 1),
(563, 'Sprouts - Bean', '643.00', '69.00', 1),
(564, 'Longos - Chicken Cordon Bleu', '356.00', '89.00', 1),
(565, 'Chicken - Base, Ultimate', '197.00', '6.00', 1),
(566, 'Tray - 12in Rnd Blk', '882.00', '72.00', 1),
(567, 'Appetizer - Smoked Salmon / Dill', '527.00', '72.00', 1),
(568, 'Capers - Ox Eye Daisy', '487.00', '17.00', 1),
(569, 'Cookies - Englishbay Wht', '804.00', '98.00', 1),
(570, 'Capon - Breast, Wing On', '684.00', '98.00', 1),
(571, 'Tea Peppermint', '587.00', '43.00', 1),
(572, 'Momiji Oroshi Chili Sauce', '285.00', '84.00', 1),
(573, 'Stock - Beef, Brown', '712.00', '82.00', 1),
(574, 'Scallops - U - 10', '370.00', '82.00', 1),
(575, 'Samosa - Veg', '866.00', '62.00', 1),
(576, 'Appetizer - Veg Assortment', '718.00', '96.00', 1),
(577, 'Wine - Ej Gallo Sonoma', '382.00', '39.00', 1),
(578, 'Bread - Pumpernickel', '748.00', '53.00', 1),
(579, 'Mince Meat - Filling', '149.00', '51.00', 1),
(580, 'Pasta - Canelloni', '906.00', '78.00', 1),
(581, 'Bacardi Raspberry', '610.00', '77.00', 1),
(582, 'Wine - Marlbourough Sauv Blanc', '556.00', '20.00', 1),
(583, 'Pasta - Orzo, Dry', '83.00', '5.00', 1),
(584, 'Rosemary - Primerba, Paste', '293.00', '22.00', 1),
(585, 'Blouse / Shirt / Sweater', '904.00', '30.00', 1),
(586, 'Flour - Semolina', '163.00', '12.00', 1),
(587, 'Tortillas - Flour, 8', '334.00', '1.00', 1),
(588, 'Carbonated Water - Strawberry', '481.00', '99.00', 1),
(589, 'Eggplant - Asian', '160.00', '7.00', 1),
(590, 'Wine - Puligny Montrachet A.', '600.00', '65.00', 1),
(591, 'Beef - Baby, Liver', '919.00', '9.00', 1),
(592, 'Onion Powder', '494.00', '77.00', 1),
(593, 'Lettuce - Romaine', '81.00', '49.00', 1),
(594, 'Energy Drink Bawls', '87.00', '25.00', 1),
(595, 'Greens Mustard', '558.00', '96.00', 1),
(596, 'Chicken - Whole Roasting', '451.00', '11.00', 1),
(597, 'Vinegar - Tarragon', '238.00', '54.00', 1),
(598, 'Coffee - Frthy Coffee Crisp', '909.00', '30.00', 1),
(599, 'Rhubarb', '70.00', '17.00', 1),
(600, 'Creme De Menth - White', '457.00', '47.00', 1),
(601, 'Rum - Mount Gay Eclipes', '594.00', '5.00', 1),
(602, 'Muffin Mix - Carrot', '757.00', '41.00', 1),
(603, 'Monkfish Fresh - Skin Off', '88.00', '82.00', 1),
(604, 'Beef - Top Sirloin', '869.00', '32.00', 1),
(605, 'Oil - Olive', '232.00', '42.00', 1),
(606, 'Bread - French Baquette', '58.00', '77.00', 1),
(607, 'Vinegar - Red Wine', '267.00', '46.00', 1),
(608, 'Smoked Paprika', '277.00', '83.00', 1),
(609, 'Pasta - Rotini, Colour, Dry', '385.00', '72.00', 1),
(610, 'Sauce - Balsamic Viniagrette', '510.00', '6.00', 1),
(611, 'Pastry - Banana Tea Loaf', '280.00', '54.00', 1),
(612, 'Pepper - Yellow Bell', '371.00', '80.00', 1),
(613, 'Beef - Roasted, Cooked', '828.00', '94.00', 1),
(614, 'Broccoli - Fresh', '90.00', '30.00', 1),
(615, 'Cup - 8oz Coffee Perforated', '992.00', '14.00', 1),
(616, 'Mackerel Whole Fresh', '479.00', '44.00', 1),
(617, 'Pie Filling - Apple', '542.00', '25.00', 1),
(618, 'Spinach - Packaged', '747.00', '76.00', 1),
(619, 'Oregano - Fresh', '608.00', '10.00', 1),
(620, 'Wine - Cousino Macul Antiguas', '702.00', '89.00', 1),
(621, 'Zucchini - Yellow', '993.00', '86.00', 1),
(622, 'The Pop Shoppe - Black Cherry', '837.00', '46.00', 1),
(623, 'Bread - Corn Muffaletta', '433.00', '54.00', 1),
(624, 'Wine - Segura Viudas Aria Brut', '406.00', '9.00', 1),
(625, 'Wanton Wrap', '662.00', '20.00', 1),
(626, 'Pastry - Trippleberry Muffin - Mini', '641.00', '26.00', 1),
(627, 'Table Cloth 120 Round White', '955.00', '83.00', 1),
(628, 'Sage - Ground', '640.00', '68.00', 1),
(629, 'Zucchini - Yellow', '48.00', '73.00', 1),
(630, 'Island Oasis - Ice Cream Mix', '887.00', '15.00', 1),
(631, 'Basil - Primerba, Paste', '436.00', '47.00', 1),
(632, 'Sauce - Chili', '368.00', '83.00', 1),
(633, 'Chips - Doritos', '916.00', '25.00', 1),
(634, 'Beets - Mini Golden', '816.00', '80.00', 1),
(635, 'Sauce - Gravy, Au Jus, Mix', '172.00', '38.00', 1),
(636, 'Cocoa Powder - Natural', '358.00', '9.00', 1),
(637, 'Pastry - Butterscotch Baked', '398.00', '87.00', 1),
(638, 'Beef - Top Sirloin - Aaa', '547.00', '27.00', 1),
(639, 'Nut - Hazelnut, Whole', '521.00', '54.00', 1),
(640, 'Beef - Top Butt Aaa', '683.00', '62.00', 1),
(641, 'Turkey - Whole, Fresh', '43.00', '43.00', 1),
(642, 'Longos - Penne With Pesto', '100.00', '16.00', 1),
(643, 'Flower - Leather Leaf Fern', '331.00', '73.00', 1),
(644, 'Cheese - Montery Jack', '146.00', '31.00', 1),
(645, 'Flour Dark Rye', '242.00', '72.00', 1),
(646, 'Soup - Campbells, Spinach Crm', '547.00', '12.00', 1),
(647, 'Peas Snow', '126.00', '25.00', 1),
(648, 'Yogurt - Cherry, 175 Gr', '563.00', '71.00', 1),
(649, 'Apple - Custard', '347.00', '68.00', 1),
(650, 'Pasta - Detalini, White, Fresh', '458.00', '83.00', 1),
(651, 'Wine - Dubouef Macon - Villages', '912.00', '80.00', 1),
(652, 'Wooden Mop Handle', '867.00', '71.00', 1),
(653, 'Pie Pecan', '39.00', '5.00', 1),
(654, 'Taro Leaves', '354.00', '30.00', 1),
(655, 'Ham - Cooked', '619.00', '22.00', 1),
(656, 'Sour Puss - Tangerine', '456.00', '17.00', 1),
(657, 'Island Oasis - Sweet And Sour Mix', '624.00', '93.00', 1),
(658, 'Milk 2% 500 Ml', '247.00', '23.00', 1),
(659, 'Pork - Tenderloin, Frozen', '740.00', '91.00', 1),
(660, 'Pepsi - Diet, 355 Ml', '672.00', '1.00', 1),
(661, 'Dawn Professionl Pot And Pan', '445.00', '9.00', 1),
(662, 'Juice - Lime', '362.00', '41.00', 1),
(663, 'Pepper - Cubanelle', '597.00', '68.00', 1),
(664, 'Table Cloth 54x72 White', '131.00', '82.00', 1),
(665, 'English Muffin', '383.00', '78.00', 1),
(666, 'Ecolab - Ster Bac', '641.00', '59.00', 1),
(667, 'Spice - Montreal Steak Spice', '408.00', '15.00', 1),
(668, 'Garlic', '877.00', '11.00', 1),
(669, 'Pate - Peppercorn', '951.00', '14.00', 1),
(670, 'Oil - Food, Lacquer Spray', '196.00', '27.00', 1),
(671, 'Soup - Boston Clam Chowder', '417.00', '12.00', 1),
(672, 'Lamb - Rack', '895.00', '65.00', 1),
(673, 'Wine - Spumante Bambino White', '343.00', '97.00', 1),
(674, 'Wine - Vouvray Cuvee Domaine', '192.00', '56.00', 1),
(675, 'Salt - Table', '203.00', '69.00', 1),
(676, 'Ice Cream - Vanilla', '819.00', '23.00', 1),
(677, 'Croissants Thaw And Serve', '559.00', '82.00', 1),
(678, 'Pepper - Black, Whole', '767.00', '83.00', 1),
(679, 'Broom - Angled', '594.00', '4.00', 1),
(680, 'Danishes - Mini Cheese', '766.00', '73.00', 1),
(681, 'Wine - Balbach Riverside', '47.00', '30.00', 1),
(682, 'Rice - Wild', '325.00', '22.00', 1),
(683, 'Juice - Propel Sport', '524.00', '36.00', 1),
(684, 'Bread Ww Cluster', '330.00', '35.00', 1),
(685, 'Sesame Seed Black', '687.00', '96.00', 1),
(686, 'Cheese - Mozzarella', '269.00', '49.00', 1),
(687, 'Tomatoes - Plum, Canned', '195.00', '42.00', 1),
(688, 'Ginger - Pickled', '770.00', '76.00', 1),
(689, 'Cup - 3.5oz, Foam', '656.00', '32.00', 1),
(690, 'Wine - White, French Cross', '778.00', '26.00', 1),
(691, 'Ocean Spray - Ruby Red', '483.00', '23.00', 1),
(692, 'Arctic Char - Fillets', '140.00', '74.00', 1),
(693, 'Paper Towel Touchless', '813.00', '66.00', 1),
(694, 'Soup - Boston Clam Chowder', '978.00', '57.00', 1),
(695, 'Wine - Toasted Head', '837.00', '4.00', 1),
(696, 'Salmon Atl.whole 8 - 10 Lb', '748.00', '29.00', 1),
(697, 'Temperature Recording Station', '312.00', '92.00', 1),
(698, 'Wine - Niagara Peninsula Vqa', '430.00', '8.00', 1),
(699, 'Pectin', '401.00', '28.00', 1),
(700, 'Lotus Rootlets - Canned', '418.00', '78.00', 1),
(701, 'Soup - Campbells, Classic Chix', '934.00', '85.00', 1),
(702, 'Bok Choy - Baby', '919.00', '93.00', 1),
(703, 'Nantucket Orange Juice', '169.00', '22.00', 1),
(704, 'Bacon Strip Precooked', '885.00', '9.00', 1),
(705, 'Oil - Food, Lacquer Spray', '894.00', '51.00', 1),
(706, 'Cinnamon Buns Sticky', '784.00', '60.00', 1),
(707, 'Tea - Camomele', '609.00', '12.00', 1),
(708, 'Pasta - Cannelloni, Sheets, Fresh', '471.00', '82.00', 1),
(709, 'Pepsi - 600ml', '292.00', '86.00', 1),
(710, 'Lamb - Leg, Boneless', '288.00', '73.00', 1),
(711, 'Red Pepper Paste', '343.00', '23.00', 1),
(712, 'Pork - Backs - Boneless', '76.00', '48.00', 1),
(713, 'Shrimp - 16/20, Iqf, Shell On', '92.00', '84.00', 1),
(714, 'Salt And Pepper Mix - Black', '911.00', '86.00', 1),
(715, 'Tomatoes - Plum, Canned', '446.00', '38.00', 1),
(716, 'Wine - White, Schroder And Schyl', '32.00', '86.00', 1),
(717, 'Wine - Taylors Reserve', '240.00', '32.00', 1),
(718, 'V8 - Tropical Blend', '618.00', '36.00', 1),
(719, 'Soup - Campbells Beef Noodle', '329.00', '22.00', 1),
(720, 'Cheese - Bakers Cream Cheese', '610.00', '12.00', 1),
(721, 'Soup - Campbells Tomato Ravioli', '345.00', '47.00', 1),
(722, 'Whmis - Spray Bottle Trigger', '342.00', '73.00', 1),
(723, 'Coffee - Espresso', '768.00', '8.00', 1),
(724, 'Cheese - Fontina', '84.00', '2.00', 1),
(725, 'Pears - Bosc', '807.00', '93.00', 1),
(726, 'Bar - Sweet And Salty Chocolate', '350.00', '7.00', 1),
(727, 'Cheese - Swiss', '723.00', '58.00', 1),
(728, 'Oil - Margarine', '901.00', '11.00', 1),
(729, 'Oil - Shortening - All - Purpose', '733.00', '61.00', 1),
(730, 'Duck - Breast', '119.00', '100.00', 1),
(731, 'Flower - Commercial Bronze', '130.00', '11.00', 1),
(732, 'Tumeric', '863.00', '3.00', 1),
(733, 'Wine - Mondavi Coastal Private', '825.00', '65.00', 1),
(734, 'Sage - Rubbed', '409.00', '16.00', 1),
(735, 'Lamb - Racks, Frenched', '778.00', '38.00', 1),
(736, 'Squid U5 - Thailand', '581.00', '72.00', 1),
(737, 'Wine - Cava Aria Estate Brut', '719.00', '93.00', 1),
(738, 'Chinese Foods - Pepper Beef', '479.00', '99.00', 1),
(739, 'Potatoes - Mini White 3 Oz', '916.00', '87.00', 1),
(740, 'Teriyaki Sauce', '589.00', '63.00', 1),
(741, 'Extract - Almond', '529.00', '74.00', 1),
(742, 'Doilies - 10, Paper', '940.00', '85.00', 1),
(743, 'Sprite, Diet - 355ml', '505.00', '11.00', 1),
(744, 'Cherries - Fresh', '771.00', '63.00', 1),
(745, 'Broom Handle', '368.00', '12.00', 1),
(746, 'Yeast - Fresh, Fleischman', '333.00', '38.00', 1),
(747, 'Soup - Campbells Mushroom', '648.00', '14.00', 1),
(748, 'Juice - Lemon', '338.00', '57.00', 1),
(749, 'Tortillas - Flour, 10', '358.00', '99.00', 1),
(750, 'Coffee Cup 16oz Foam', '124.00', '26.00', 1),
(751, 'Chilli Paste, Ginger Garlic', '516.00', '81.00', 1),
(752, 'Arctic Char - Fillets', '482.00', '99.00', 1),
(753, 'Jameson Irish Whiskey', '86.00', '88.00', 1),
(754, 'Marjoram - Dried, Rubbed', '352.00', '64.00', 1),
(755, 'Onions - Pearl', '116.00', '91.00', 1),
(756, 'Bread - Crumbs, Bulk', '594.00', '74.00', 1),
(757, 'Creme De Cacao White', '226.00', '66.00', 1),
(758, 'Piping Jelly - All Colours', '963.00', '78.00', 1),
(759, 'Mints - Striped Red', '624.00', '75.00', 1),
(760, 'Nescafe - Frothy French Vanilla', '291.00', '32.00', 1),
(761, 'Muffin - Mix - Bran And Maple 15l', '782.00', '3.00', 1),
(762, 'Chocolate - Semi Sweet', '679.00', '70.00', 1),
(763, 'Curry Paste - Green Masala', '731.00', '3.00', 1),
(764, 'Stainless Steel Cleaner Vision', '937.00', '4.00', 1),
(765, 'Quail - Whole, Bone - In', '702.00', '8.00', 1),
(766, 'Quail Eggs - Canned', '789.00', '28.00', 1),
(767, 'Tea - Earl Grey', '764.00', '33.00', 1),
(768, 'Bread Base - Italian', '781.00', '60.00', 1),
(769, 'Cake - Miini Cheesecake Cherry', '951.00', '86.00', 1),
(770, 'Beef - Texas Style Burger', '827.00', '2.00', 1),
(771, 'Flour - Semolina', '726.00', '66.00', 1),
(772, 'Emulsifier', '571.00', '53.00', 1),
(773, 'Beef - Sushi Flat Iron Steak', '538.00', '45.00', 1),
(774, 'Tuna - Bluefin', '48.00', '42.00', 1),
(775, 'Scampi Tail', '738.00', '90.00', 1),
(776, 'Basil - Pesto Sauce', '955.00', '57.00', 1),
(777, 'Fib N9 - Prague Powder', '475.00', '27.00', 1),
(778, 'Pastry - Banana Tea Loaf', '321.00', '58.00', 1),
(779, 'Table Cloth 72x144 White', '444.00', '75.00', 1),
(780, 'Bread Bowl Plain', '855.00', '77.00', 1),
(781, 'Soup Campbells - Tomato Bisque', '344.00', '7.00', 1),
(782, 'Rum - Dark, Bacardi, Black', '293.00', '64.00', 1),
(783, 'Soup - French Can Pea', '842.00', '38.00', 1),
(784, 'Pepper - Chilli Seeds Mild', '630.00', '16.00', 1),
(785, 'Cake - Cake Sheet Macaroon', '500.00', '48.00', 1),
(786, 'Bread Base - Goodhearth', '683.00', '86.00', 1),
(787, 'Soup - Campbells Beef Stew', '441.00', '79.00', 1),
(788, 'Pasta - Tortellini, Fresh', '905.00', '92.00', 1),
(789, 'Crab - Claws, Snow 16 - 24', '748.00', '43.00', 1),
(790, 'Pie Shell - 9', '889.00', '46.00', 1),
(791, 'Wine - Cahors Ac 2000, Clos', '450.00', '57.00', 1),
(792, 'Pepper - White, Ground', '77.00', '26.00', 1),
(793, 'Wine - Casablanca Valley', '381.00', '96.00', 1),
(794, 'Ice Cream Bar - Oreo Cone', '609.00', '99.00', 1),
(795, 'Truffle - Peelings', '258.00', '12.00', 1),
(796, 'Chinese Foods - Cantonese', '852.00', '82.00', 1),
(797, 'Okra', '671.00', '66.00', 1),
(798, 'Island Oasis - Ice Cream Mix', '609.00', '96.00', 1),
(799, 'Soup Campbells - Tomato Bisque', '740.00', '46.00', 1),
(800, 'Wine - Charddonnay Errazuriz', '803.00', '88.00', 1),
(801, 'Bread - Onion Focaccia', '264.00', '57.00', 1),
(802, 'Veal - Ground', '607.00', '51.00', 1),
(803, 'Cheese - Brick With Onion', '529.00', '61.00', 1),
(804, 'Creme De Menthe Green', '301.00', '44.00', 1),
(805, 'Fennel', '786.00', '75.00', 1),
(806, 'Pike - Frozen Fillet', '971.00', '78.00', 1),
(807, 'Bag - Clear 7 Lb', '985.00', '26.00', 1),
(808, 'Magnotta Bel Paese Red', '533.00', '58.00', 1),
(809, 'Shrimp - 31/40', '699.00', '45.00', 1),
(810, 'Wine - Red, Marechal Foch', '476.00', '57.00', 1),
(811, 'Capon - Breast, Double, Wing On', '121.00', '2.00', 1),
(812, 'Sauerkraut', '476.00', '27.00', 1),
(813, 'Gherkin - Sour', '60.00', '21.00', 1),
(814, 'Beef Cheek Fresh', '970.00', '76.00', 1),
(815, 'Pastry - Banana Tea Loaf', '744.00', '58.00', 1),
(816, 'Island Oasis - Ice Cream Mix', '908.00', '58.00', 1),
(817, 'Calypso - Pineapple Passion', '624.00', '8.00', 1),
(818, 'Corn - Cream, Canned', '605.00', '93.00', 1),
(819, 'Tumeric', '909.00', '56.00', 1),
(820, 'Cream Of Tartar', '679.00', '89.00', 1),
(821, 'Coffee - Hazelnut Cream', '592.00', '68.00', 1),
(822, 'Compound - Pear', '749.00', '27.00', 1),
(823, 'Sultanas', '389.00', '25.00', 1),
(824, 'Wine - White, Cooking', '504.00', '1.00', 1),
(825, 'Tomato - Tricolor Cherry', '328.00', '27.00', 1),
(826, '7up Diet, 355 Ml', '495.00', '47.00', 1),
(827, 'Pepper - Pablano', '926.00', '55.00', 1),
(828, 'Sour Puss Sour Apple', '328.00', '77.00', 1),
(829, 'Lychee - Canned', '90.00', '42.00', 1),
(830, 'Corn Kernels - Frozen', '700.00', '85.00', 1),
(831, 'Club Soda - Schweppes, 355 Ml', '427.00', '11.00', 1),
(832, 'Sobe - Cranberry Grapefruit', '373.00', '89.00', 1),
(833, 'Wine - Lamancha Do Crianza', '501.00', '16.00', 1),
(834, 'Rice Wine - Aji Mirin', '85.00', '54.00', 1),
(835, 'Sugar - Brown', '837.00', '72.00', 1),
(836, 'Broom And Broom Rack White', '425.00', '83.00', 1),
(837, 'Soy Protein', '191.00', '69.00', 1),
(838, 'Wanton Wrap', '186.00', '85.00', 1),
(839, 'Corn Meal', '931.00', '40.00', 1),
(840, 'Bacardi Limon', '430.00', '57.00', 1),
(841, 'Wine - Niagara Peninsula Vqa', '555.00', '59.00', 1),
(842, 'Carbonated Water - Wildberry', '197.00', '81.00', 1),
(843, 'Red Currant Jelly', '237.00', '8.00', 1),
(844, 'Rosemary - Fresh', '671.00', '74.00', 1),
(845, 'Apple - Custard', '476.00', '14.00', 1),
(846, 'Soup - Beef Conomme, Dry', '783.00', '3.00', 1),
(847, 'Water - Green Tea Refresher', '733.00', '92.00', 1),
(848, 'Nut - Walnut, Pieces', '900.00', '71.00', 1),
(849, 'Mustard - Seed', '293.00', '68.00', 1),
(850, 'Soup - Boston Clam Chowder', '857.00', '39.00', 1),
(851, 'Bread - French Baquette', '539.00', '63.00', 1),
(852, 'Beef - Tongue, Cooked', '444.00', '75.00', 1),
(853, 'Lid - 16 Oz And 32 Oz', '628.00', '92.00', 1),
(854, 'Bar Mix - Pina Colada, 355 Ml', '370.00', '91.00', 1),
(855, 'Lettuce - Red Leaf', '723.00', '23.00', 1),
(856, 'Onions - Red Pearl', '193.00', '38.00', 1),
(857, 'Pork - Smoked Kassler', '392.00', '58.00', 1),
(858, 'Milk - Chocolate 500ml', '540.00', '79.00', 1),
(859, 'Appetizer - Mango Chevre', '519.00', '3.00', 1),
(860, 'Sauce - Caesar Dressing', '852.00', '1.00', 1),
(861, 'Tarragon - Primerba, Paste', '852.00', '72.00', 1),
(862, 'Soup - Knorr, Chicken Noodle', '920.00', '64.00', 1),
(863, 'Wine - Tribal Sauvignon', '452.00', '10.00', 1),
(864, 'Glass - Juice Clear 5oz 55005', '545.00', '42.00', 1),
(865, 'Cheese - Boursin, Garlic / Herbs', '61.00', '75.00', 1),
(866, 'Iced Tea Concentrate', '957.00', '19.00', 1),
(867, 'Pineapple - Regular', '168.00', '8.00', 1),
(868, 'Turkey - Breast, Boneless Sk On', '348.00', '83.00', 1),
(869, 'Pork Ham Prager', '209.00', '75.00', 1),
(870, 'Milk - Buttermilk', '730.00', '11.00', 1),
(871, 'Coffee - Almond Amaretto', '31.00', '21.00', 1),
(872, 'Cheese - Cottage Cheese', '71.00', '36.00', 1),
(873, 'Water - Perrier', '375.00', '54.00', 1),
(874, 'Seedlings - Clamshell', '666.00', '58.00', 1),
(875, 'Flower - Commercial Spider', '933.00', '42.00', 1),
(876, 'Sauce - Sesame Thai Dressing', '465.00', '79.00', 1),
(877, 'Pork - Hock And Feet Attached', '169.00', '99.00', 1),
(878, 'Water - Evian 355 Ml', '542.00', '57.00', 1),
(879, 'Mushroom - King Eryingii', '165.00', '90.00', 1),
(880, 'Pastry - Key Limepoppy Seed Tea', '311.00', '99.00', 1),
(881, 'Propel Sport Drink', '60.00', '66.00', 1),
(882, 'Versatainer Nc - 8288', '855.00', '62.00', 1),
(883, 'Wine - Sherry Dry Sack, William', '246.00', '72.00', 1),
(884, 'Egg - Salad Premix', '487.00', '35.00', 1),
(885, 'Flower - Dish Garden', '204.00', '32.00', 1),
(886, 'Beef - Kobe Striploin', '227.00', '91.00', 1),
(887, 'Steel Wool', '944.00', '24.00', 1),
(888, 'Sobe - Tropical Energy', '876.00', '64.00', 1),
(889, 'Cheese - St. Andre', '926.00', '28.00', 1),
(890, 'Sauce - Bernaise, Mix', '272.00', '91.00', 1),
(891, 'Stock - Veal, White', '926.00', '66.00', 1),
(892, 'Kellogs Raisan Bran Bars', '597.00', '66.00', 1),
(893, 'Cheese - Oka', '901.00', '39.00', 1),
(894, 'Juice - Grapefruit, 341 Ml', '131.00', '37.00', 1),
(895, 'Bread Base - Gold Formel', '168.00', '19.00', 1),
(896, 'Ecolab - Mikroklene 4/4 L', '908.00', '46.00', 1),
(897, 'Skirt - 24 Foot', '326.00', '87.00', 1),
(898, 'Yeast Dry - Fermipan', '789.00', '31.00', 1),
(899, 'Wine - White Cab Sauv.on', '746.00', '63.00', 1),
(900, 'Ocean Spray - Kiwi Strawberry', '567.00', '64.00', 1),
(901, 'Pickles - Gherkins', '949.00', '11.00', 1),
(902, 'Pepper - Roasted Red', '585.00', '60.00', 1),
(903, 'Pasta - Penne Primavera, Single', '501.00', '29.00', 1),
(904, 'Eggplant Italian', '217.00', '35.00', 1),
(905, 'Longos - Greek Salad', '485.00', '95.00', 1),
(906, 'Pimento - Canned', '156.00', '67.00', 1),
(907, 'Barramundi', '881.00', '13.00', 1),
(908, 'Pomello', '246.00', '17.00', 1),
(909, 'Sping Loaded Cup Dispenser', '744.00', '33.00', 1),
(910, 'Flour - Semolina', '425.00', '23.00', 1),
(911, 'Amaretto', '427.00', '44.00', 1),
(912, 'Cabbage - Red', '724.00', '29.00', 1),
(913, 'Lemons', '548.00', '56.00', 1),
(914, 'Pasta - Cheese / Spinach Bauletti', '163.00', '91.00', 1),
(915, 'Cake Circle, Paprus', '259.00', '28.00', 1),
(916, 'Pastry - Choclate Baked', '42.00', '27.00', 1),
(917, 'Wine - Magnotta - Belpaese', '314.00', '14.00', 1),
(918, 'Gelatine Powder', '624.00', '91.00', 1),
(919, 'Mussels - Cultivated', '965.00', '23.00', 1),
(920, 'Veal - Tenderloin, Untrimmed', '432.00', '42.00', 1),
(921, 'Pork - Back, Short Cut, Boneless', '829.00', '43.00', 1),
(922, 'Pate - Peppercorn', '317.00', '4.00', 1),
(923, 'Chicken - Whole Fryers', '931.00', '32.00', 1),
(924, 'Bag Stand', '937.00', '44.00', 1),
(925, 'Steam Pan - Half Size Deep', '92.00', '40.00', 1),
(926, 'Puree - Blackcurrant', '663.00', '87.00', 1),
(927, 'Beef - Ground, Extra Lean, Fresh', '846.00', '58.00', 1),
(928, 'Croissant, Raw - Mini', '54.00', '17.00', 1),
(929, 'Star Anise, Whole', '555.00', '53.00', 1),
(930, 'Bar Mix - Lemon', '974.00', '51.00', 1),
(931, 'Oil - Olive', '559.00', '58.00', 1),
(932, 'Fuji Apples', '396.00', '99.00', 1),
(933, 'Alize Gold Passion', '834.00', '99.00', 1),
(934, 'Flour - Teff', '289.00', '95.00', 1),
(935, 'Longos - Burritos', '409.00', '27.00', 1),
(936, 'Yokaline', '372.00', '22.00', 1),
(937, 'Pepper Squash', '355.00', '78.00', 1),
(938, 'Noodles - Cellophane, Thin', '282.00', '81.00', 1),
(939, 'Pork - Ham, Virginia', '431.00', '41.00', 1),
(940, 'Pepper - Chili Powder', '925.00', '77.00', 1),
(941, 'Spic And Span All Purpose', '317.00', '69.00', 1),
(942, 'Squash - Butternut', '690.00', '49.00', 1),
(943, 'Beer - Upper Canada Lager', '500.00', '68.00', 1),
(944, 'Tea - Herbal - 6 Asst', '805.00', '18.00', 1),
(945, 'Potatoes - Idaho 100 Count', '113.00', '44.00', 1),
(946, 'Bagel - Whole White Sesame', '280.00', '57.00', 1),
(947, 'Jolt Cola - Electric Blue', '567.00', '60.00', 1),
(948, 'Island Oasis - Wildberry', '184.00', '90.00', 1),
(949, 'Lid Coffee Cup 8oz Blk', '198.00', '68.00', 1),
(950, 'Chinese Foods - Chicken Wing', '424.00', '9.00', 1),
(951, 'Star Fruit', '395.00', '68.00', 1),
(952, 'Juice - Clam, 46 Oz', '592.00', '4.00', 1),
(953, 'Lamb - Loin, Trimmed, Boneless', '879.00', '67.00', 1),
(954, 'Remy Red', '855.00', '27.00', 1),
(955, 'Lid - High Heat, Super Clear', '628.00', '40.00', 1),
(956, 'Chinese Foods - Cantonese', '62.00', '46.00', 1),
(957, 'Bagel - Whole White Sesame', '988.00', '72.00', 1),
(958, 'Cheese - Swiss', '554.00', '60.00', 1),
(959, 'Banana Turning', '689.00', '88.00', 1),
(960, 'Lettuce - Mini Greens, Whole', '834.00', '54.00', 1),
(961, 'Cucumber - English', '730.00', '52.00', 1),
(962, 'Lobster - Canned Premium', '237.00', '91.00', 1),
(963, 'Yukon Jack', '53.00', '71.00', 1),
(964, 'Wine - Alicanca Vinho Verde', '95.00', '96.00', 1),
(965, 'Pomegranates', '809.00', '27.00', 1),
(966, 'Chicken - Thigh, Bone In', '551.00', '10.00', 1),
(967, 'Sole - Fillet', '669.00', '97.00', 1),
(968, 'Wine - White, Pelee Island', '593.00', '13.00', 1),
(969, 'Pepper - Black, Whole', '506.00', '63.00', 1),
(970, 'Cheese - Fontina', '513.00', '89.00', 1),
(971, 'Lychee - Canned', '171.00', '2.00', 1),
(972, 'Lid - Translucent, 3.5 And 6 Oz', '599.00', '24.00', 1),
(973, 'Steel Wool', '815.00', '60.00', 1),
(974, 'Wine - Periguita Fonseca', '724.00', '99.00', 1),
(975, 'Dill Weed - Dry', '308.00', '58.00', 1),
(976, 'Lid - Translucent, 3.5 And 6 Oz', '217.00', '11.00', 1),
(977, 'Chocolate - Semi Sweet, Calets', '434.00', '73.00', 1),
(978, 'Chicken - Ground', '693.00', '30.00', 1);
INSERT INTO `items` (`id`, `name`, `price`, `discount`, `qty`) VALUES
(979, 'Tea - Herbal Orange Spice', '479.00', '77.00', 1),
(980, 'Veal - Striploin', '777.00', '34.00', 1),
(981, 'Coffee - 10oz Cup 92961', '347.00', '79.00', 1),
(982, 'Muffin Puck Ww Carrot', '398.00', '14.00', 1),
(983, 'Evaporated Milk - Skim', '239.00', '25.00', 0),
(984, 'Mustard - Dijon', '524.00', '21.00', 0),
(985, 'Chef Hat 25cm', '431.00', '91.00', 0),
(986, 'Chips Potato Salt Vinegar 43g', '651.00', '46.00', -1),
(987, 'Nantucket Orange Juice', '564.00', '50.00', -9),
(988, 'Extract Vanilla Pure', '529.00', '24.00', 0),
(989, 'Pasta - Bauletti, Chicken White', '59.00', '72.00', 0),
(990, 'Sausage - Andouille', '670.00', '70.00', 0),
(991, 'Lamb - Whole Head Off,nz', '576.00', '22.00', 0),
(992, 'Bread - Sticks, Thin, Plain', '496.00', '28.00', 0),
(993, 'Tequila Rose Cream Liquor', '366.00', '12.00', 0),
(994, 'Bread Ww Cluster', '824.00', '41.00', 0),
(995, 'Snapple Lemon Tea', '891.00', '13.00', 0),
(996, 'Foam Dinner Plate', '275.00', '85.00', 0),
(997, 'Tart Shells - Sweet, 2', '375.00', '42.00', 0),
(998, 'Juice - Cranberry, 341 Ml', '272.00', '80.00', 0),
(999, 'Eggplant - Baby', '657.00', '2.00', 0),
(1000, 'Bandage - Flexible Neon', '79.00', '31.00', 0),
(1001, 'Pringles', '10.00', '10.00', 0),
(1004, 'asd', '2.00', '12.00', 0),
(1005, 'choco', '2.00', '3.00', 0),
(1006, 'Pringles onion', '123.00', '1.00', 0),
(1014, 'toy', '23.00', '23.00', 0),
(1015, 'may', '123.00', '23.00', 0),
(1016, 'bom', '13.00', '3.00', 0),
(1024, 'pol', '0.00', '2.00', 0),
(1025, 'asd', '0.00', '-2.00', 0),
(1026, '23', '0.00', '32.00', 0),
(1032, 'Chicken', '20.00', '10.00', -8),
(1033, 'Peanut Butter', '101.00', '0.00', 92);

-- --------------------------------------------------------

--
-- Table structure for table `itemsarchived`
--

CREATE TABLE `itemsarchived` (
  `id` int(11) NOT NULL,
  `name` varchar(255) NOT NULL,
  `price` decimal(10,2) NOT NULL,
  `discount` decimal(10,2) NOT NULL,
  `qty` int(11) NOT NULL DEFAULT '1'
) ENGINE=InnoDB DEFAULT CHARSET=latin1;

-- --------------------------------------------------------

--
-- Table structure for table `paymenttype`
--

CREATE TABLE `paymenttype` (
  `id` int(11) NOT NULL,
  `paymentType` varchar(255) NOT NULL
) ENGINE=InnoDB DEFAULT CHARSET=latin1;

--
-- Dumping data for table `paymenttype`
--

INSERT INTO `paymenttype` (`id`, `paymentType`) VALUES
(1, 'cash'),
(2, 'credit card');

-- --------------------------------------------------------

--
-- Table structure for table `receipt`
--

CREATE TABLE `receipt` (
  `id` int(11) NOT NULL,
  `receipt_id` int(11) NOT NULL,
  `customer_id` int(11) NOT NULL,
  `date_created` timestamp NOT NULL DEFAULT CURRENT_TIMESTAMP,
  `item_id` int(11) NOT NULL,
  `qty` int(11) NOT NULL,
  `paymentTypeId` int(11) NOT NULL,
  `totalPrice` decimal(12,2) NOT NULL,
  `cashReceived` decimal(12,2) NOT NULL
) ENGINE=InnoDB DEFAULT CHARSET=latin1;

--
-- Dumping data for table `receipt`
--

INSERT INTO `receipt` (`id`, `receipt_id`, `customer_id`, `date_created`, `item_id`, `qty`, `paymentTypeId`, `totalPrice`, `cashReceived`) VALUES
(1, 1, 0, '2019-09-30 09:29:31', 970, 3, 0, '0.00', '0.00'),
(2, 2, 0, '2019-09-30 09:29:31', 84, 6, 0, '0.00', '0.00'),
(3, 3, 0, '2019-09-30 09:29:31', 735, 4, 0, '0.00', '0.00'),
(4, 4, 0, '2019-09-30 09:29:31', 990, 2, 0, '0.00', '0.00'),
(5, 5, 0, '2019-09-30 09:29:31', 905, 7, 0, '0.00', '0.00'),
(6, 6, 0, '2019-09-30 09:29:31', 873, 1, 0, '0.00', '0.00'),
(7, 7, 0, '2019-09-30 09:29:31', 30, 4, 0, '0.00', '0.00'),
(8, 8, 0, '2019-09-30 09:29:31', 640, 10, 0, '0.00', '0.00'),
(9, 9, 0, '2019-09-30 09:29:31', 186, 6, 0, '0.00', '0.00'),
(10, 10, 0, '2019-09-30 09:29:31', 696, 2, 0, '0.00', '0.00'),
(11, 11, 0, '2019-09-30 09:29:31', 295, 4, 0, '0.00', '0.00'),
(12, 12, 0, '2019-09-30 09:29:31', 977, 9, 0, '0.00', '0.00'),
(13, 13, 0, '2019-09-30 09:29:31', 514, 4, 0, '0.00', '0.00'),
(14, 14, 0, '2019-09-30 09:29:31', 116, 6, 0, '0.00', '0.00'),
(15, 15, 0, '2019-09-30 09:29:31', 956, 5, 0, '0.00', '0.00'),
(16, 16, 0, '2019-09-30 09:29:31', 744, 10, 0, '0.00', '0.00'),
(17, 17, 0, '2019-09-30 09:29:31', 244, 4, 0, '0.00', '0.00'),
(18, 18, 0, '2019-09-30 09:29:31', 503, 9, 0, '0.00', '0.00'),
(19, 19, 0, '2019-09-30 09:29:31', 174, 10, 0, '0.00', '0.00'),
(20, 20, 0, '2019-09-30 09:29:31', 999, 9, 0, '0.00', '0.00'),
(21, 21, 0, '2019-09-30 09:29:31', 747, 9, 0, '0.00', '0.00'),
(22, 22, 0, '2019-09-30 09:29:31', 258, 6, 0, '0.00', '0.00'),
(23, 23, 0, '2019-09-30 09:29:31', 610, 4, 0, '0.00', '0.00'),
(24, 24, 0, '2019-09-30 09:29:31', 963, 7, 0, '0.00', '0.00'),
(25, 25, 0, '2019-09-30 09:29:31', 176, 5, 0, '0.00', '0.00'),
(26, 26, 0, '2019-09-30 09:29:31', 856, 8, 0, '0.00', '0.00'),
(27, 27, 0, '2019-09-30 09:29:31', 452, 9, 0, '0.00', '0.00'),
(28, 28, 0, '2019-09-30 09:29:31', 363, 8, 0, '0.00', '0.00'),
(29, 29, 0, '2019-09-30 09:29:31', 562, 7, 0, '0.00', '0.00'),
(30, 30, 0, '2019-09-30 09:29:31', 939, 9, 0, '0.00', '0.00'),
(31, 31, 0, '2019-09-30 09:29:31', 489, 7, 0, '0.00', '0.00'),
(32, 32, 0, '2019-09-30 09:29:31', 489, 6, 0, '0.00', '0.00'),
(33, 33, 0, '2019-09-30 09:29:31', 733, 7, 0, '0.00', '0.00'),
(34, 34, 0, '2019-09-30 09:29:31', 331, 1, 0, '0.00', '0.00'),
(35, 35, 0, '2019-09-30 09:29:31', 883, 5, 0, '0.00', '0.00'),
(36, 36, 0, '2019-09-30 09:29:31', 940, 1, 0, '0.00', '0.00'),
(37, 37, 0, '2019-09-30 09:29:31', 684, 2, 0, '0.00', '0.00'),
(38, 38, 0, '2019-09-30 09:29:31', 921, 8, 0, '0.00', '0.00'),
(39, 39, 0, '2019-09-30 09:29:31', 191, 4, 0, '0.00', '0.00'),
(40, 40, 0, '2019-09-30 09:29:31', 144, 2, 0, '0.00', '0.00'),
(41, 41, 0, '2019-09-30 09:29:31', 445, 9, 0, '0.00', '0.00'),
(42, 42, 0, '2019-09-30 09:29:31', 341, 8, 0, '0.00', '0.00'),
(43, 43, 0, '2019-09-30 09:29:31', 245, 5, 0, '0.00', '0.00'),
(44, 44, 0, '2019-09-30 09:29:31', 436, 1, 0, '0.00', '0.00'),
(45, 45, 0, '2019-09-30 09:29:31', 823, 7, 0, '0.00', '0.00'),
(46, 46, 0, '2019-09-30 09:29:31', 886, 5, 0, '0.00', '0.00'),
(47, 47, 0, '2019-09-30 09:29:31', 201, 2, 0, '0.00', '0.00'),
(48, 48, 0, '2019-09-30 09:29:31', 752, 10, 0, '0.00', '0.00'),
(49, 49, 0, '2019-09-30 09:29:31', 482, 5, 0, '0.00', '0.00'),
(50, 50, 0, '2019-09-30 09:29:31', 110, 2, 0, '0.00', '0.00'),
(51, 51, 0, '2019-09-30 09:29:31', 548, 3, 0, '0.00', '0.00'),
(52, 52, 0, '2019-09-30 09:29:31', 284, 9, 0, '0.00', '0.00'),
(53, 53, 0, '2019-09-30 09:29:31', 186, 4, 0, '0.00', '0.00'),
(54, 54, 0, '2019-09-30 09:29:31', 178, 7, 0, '0.00', '0.00'),
(55, 55, 0, '2019-09-30 09:29:31', 589, 9, 0, '0.00', '0.00'),
(56, 56, 0, '2019-09-30 09:29:31', 798, 10, 0, '0.00', '0.00'),
(57, 57, 0, '2019-09-30 09:29:31', 513, 7, 0, '0.00', '0.00'),
(58, 58, 0, '2019-09-30 09:29:31', 854, 4, 0, '0.00', '0.00'),
(59, 59, 0, '2019-09-30 09:29:31', 440, 2, 0, '0.00', '0.00'),
(60, 60, 0, '2019-09-30 09:29:31', 351, 5, 0, '0.00', '0.00'),
(61, 61, 0, '2019-09-30 09:29:31', 938, 4, 0, '0.00', '0.00'),
(62, 62, 0, '2019-09-30 09:29:31', 429, 9, 0, '0.00', '0.00'),
(63, 63, 0, '2019-09-30 09:29:31', 141, 5, 0, '0.00', '0.00'),
(64, 64, 0, '2019-09-30 09:29:31', 83, 5, 0, '0.00', '0.00'),
(65, 65, 0, '2019-09-30 09:29:31', 961, 5, 0, '0.00', '0.00'),
(66, 66, 0, '2019-09-30 09:29:31', 413, 7, 0, '0.00', '0.00'),
(67, 67, 0, '2019-09-30 09:29:31', 722, 10, 0, '0.00', '0.00'),
(68, 68, 0, '2019-09-30 09:29:31', 797, 4, 0, '0.00', '0.00'),
(69, 69, 0, '2019-09-30 09:29:31', 508, 2, 0, '0.00', '0.00'),
(70, 70, 0, '2019-09-30 09:29:31', 120, 1, 0, '0.00', '0.00'),
(71, 71, 0, '2019-09-30 09:29:31', 368, 5, 0, '0.00', '0.00'),
(72, 72, 0, '2019-09-30 09:29:31', 561, 1, 0, '0.00', '0.00'),
(73, 73, 0, '2019-09-30 09:29:31', 122, 9, 0, '0.00', '0.00'),
(74, 74, 0, '2019-09-30 09:29:31', 267, 6, 0, '0.00', '0.00'),
(75, 75, 0, '2019-09-30 09:29:31', 938, 7, 0, '0.00', '0.00'),
(76, 76, 0, '2019-09-30 09:29:31', 730, 10, 0, '0.00', '0.00'),
(77, 77, 0, '2019-09-30 09:29:31', 623, 8, 0, '0.00', '0.00'),
(78, 78, 0, '2019-09-30 09:29:31', 260, 3, 0, '0.00', '0.00'),
(79, 79, 0, '2019-09-30 09:29:31', 544, 10, 0, '0.00', '0.00'),
(80, 80, 0, '2019-09-30 09:29:31', 695, 1, 0, '0.00', '0.00'),
(81, 81, 0, '2019-09-30 09:29:31', 204, 1, 0, '0.00', '0.00'),
(82, 82, 0, '2019-09-30 09:29:31', 678, 2, 0, '0.00', '0.00'),
(83, 83, 0, '2019-09-30 09:29:31', 861, 9, 0, '0.00', '0.00'),
(84, 84, 0, '2019-09-30 09:29:31', 435, 9, 0, '0.00', '0.00'),
(85, 85, 0, '2019-09-30 09:29:31', 487, 8, 0, '0.00', '0.00'),
(86, 86, 0, '2019-09-30 09:29:31', 931, 2, 0, '0.00', '0.00'),
(87, 87, 0, '2019-09-30 09:29:31', 245, 1, 0, '0.00', '0.00'),
(88, 88, 0, '2019-09-30 09:29:31', 128, 10, 0, '0.00', '0.00'),
(89, 89, 0, '2019-09-30 09:29:31', 852, 1, 0, '0.00', '0.00'),
(90, 90, 0, '2019-09-30 09:29:31', 242, 3, 0, '0.00', '0.00'),
(91, 91, 0, '2019-09-30 09:29:31', 117, 10, 0, '0.00', '0.00'),
(92, 92, 0, '2019-09-30 09:29:31', 765, 4, 0, '0.00', '0.00'),
(93, 93, 0, '2019-09-30 09:29:31', 670, 2, 0, '0.00', '0.00'),
(94, 94, 0, '2019-09-30 09:29:31', 671, 10, 0, '0.00', '0.00'),
(95, 95, 0, '2019-09-30 09:29:31', 24, 10, 0, '0.00', '0.00'),
(96, 96, 0, '2019-09-30 09:29:31', 269, 6, 0, '0.00', '0.00'),
(97, 97, 0, '2019-09-30 09:29:31', 433, 3, 0, '0.00', '0.00'),
(98, 98, 0, '2019-09-30 09:29:31', 937, 5, 0, '0.00', '0.00'),
(99, 99, 0, '2019-09-30 09:29:31', 214, 1, 0, '0.00', '0.00'),
(100, 100, 0, '2019-09-30 09:29:31', 321, 8, 0, '0.00', '0.00'),
(101, 101, 0, '2019-09-30 09:29:31', 696, 1, 0, '0.00', '0.00'),
(102, 102, 0, '2019-09-30 09:29:31', 569, 4, 0, '0.00', '0.00'),
(103, 103, 0, '2019-09-30 09:29:31', 316, 4, 0, '0.00', '0.00'),
(104, 104, 0, '2019-09-30 09:29:31', 437, 10, 0, '0.00', '0.00'),
(105, 105, 0, '2019-09-30 09:29:31', 436, 8, 0, '0.00', '0.00'),
(106, 106, 0, '2019-09-30 09:29:31', 207, 4, 0, '0.00', '0.00'),
(107, 107, 0, '2019-09-30 09:29:31', 563, 10, 0, '0.00', '0.00'),
(108, 108, 0, '2019-09-30 09:29:31', 10, 10, 0, '0.00', '0.00'),
(109, 109, 0, '2019-09-30 09:29:31', 311, 3, 0, '0.00', '0.00'),
(110, 110, 0, '2019-09-30 09:29:31', 238, 2, 0, '0.00', '0.00'),
(111, 111, 0, '2019-09-30 09:29:31', 140, 6, 0, '0.00', '0.00'),
(112, 112, 0, '2019-09-30 09:29:31', 321, 9, 0, '0.00', '0.00'),
(113, 113, 0, '2019-09-30 09:29:31', 197, 9, 0, '0.00', '0.00'),
(114, 114, 0, '2019-09-30 09:29:31', 337, 8, 0, '0.00', '0.00'),
(115, 115, 0, '2019-09-30 09:29:31', 734, 8, 0, '0.00', '0.00'),
(116, 116, 0, '2019-09-30 09:29:31', 28, 7, 0, '0.00', '0.00'),
(117, 117, 0, '2019-09-30 09:29:31', 606, 3, 0, '0.00', '0.00'),
(118, 118, 0, '2019-09-30 09:29:31', 414, 3, 0, '0.00', '0.00'),
(119, 119, 0, '2019-09-30 09:29:31', 115, 9, 0, '0.00', '0.00'),
(120, 120, 0, '2019-09-30 09:29:31', 145, 7, 0, '0.00', '0.00'),
(121, 121, 0, '2019-09-30 09:29:31', 354, 6, 0, '0.00', '0.00'),
(122, 122, 0, '2019-09-30 09:29:31', 97, 4, 0, '0.00', '0.00'),
(123, 123, 0, '2019-09-30 09:29:31', 711, 1, 0, '0.00', '0.00'),
(124, 124, 0, '2019-09-30 09:29:31', 558, 8, 0, '0.00', '0.00'),
(125, 125, 0, '2019-09-30 09:29:31', 505, 2, 0, '0.00', '0.00'),
(126, 126, 0, '2019-09-30 09:29:31', 889, 4, 0, '0.00', '0.00'),
(127, 127, 0, '2019-09-30 09:29:31', 198, 1, 0, '0.00', '0.00'),
(128, 128, 0, '2019-09-30 09:29:31', 607, 3, 0, '0.00', '0.00'),
(129, 129, 0, '2019-09-30 09:29:31', 334, 9, 0, '0.00', '0.00'),
(130, 130, 0, '2019-09-30 09:29:31', 565, 4, 0, '0.00', '0.00'),
(131, 131, 0, '2019-09-30 09:29:31', 744, 4, 0, '0.00', '0.00'),
(132, 132, 0, '2019-09-30 09:29:31', 248, 5, 0, '0.00', '0.00'),
(133, 133, 0, '2019-09-30 09:29:31', 840, 6, 0, '0.00', '0.00'),
(134, 134, 0, '2019-09-30 09:29:31', 210, 10, 0, '0.00', '0.00'),
(135, 135, 0, '2019-09-30 09:29:31', 150, 1, 0, '0.00', '0.00'),
(136, 136, 0, '2019-09-30 09:29:31', 98, 10, 0, '0.00', '0.00'),
(137, 137, 0, '2019-09-30 09:29:31', 912, 5, 0, '0.00', '0.00'),
(138, 138, 0, '2019-09-30 09:29:31', 297, 10, 0, '0.00', '0.00'),
(139, 139, 0, '2019-09-30 09:29:31', 605, 6, 0, '0.00', '0.00'),
(140, 140, 0, '2019-09-30 09:29:31', 123, 8, 0, '0.00', '0.00'),
(141, 141, 0, '2019-09-30 09:29:31', 417, 10, 0, '0.00', '0.00'),
(142, 142, 0, '2019-09-30 09:29:31', 193, 2, 0, '0.00', '0.00'),
(143, 143, 0, '2019-09-30 09:29:31', 176, 2, 0, '0.00', '0.00'),
(144, 144, 0, '2019-09-30 09:29:31', 508, 5, 0, '0.00', '0.00'),
(145, 145, 0, '2019-09-30 09:29:31', 435, 4, 0, '0.00', '0.00'),
(146, 146, 0, '2019-09-30 09:29:31', 827, 3, 0, '0.00', '0.00'),
(147, 147, 0, '2019-09-30 09:29:31', 825, 6, 0, '0.00', '0.00'),
(148, 148, 0, '2019-09-30 09:29:31', 2, 10, 0, '0.00', '0.00'),
(149, 149, 0, '2019-09-30 09:29:31', 329, 3, 0, '0.00', '0.00'),
(150, 150, 0, '2019-09-30 09:29:31', 675, 6, 0, '0.00', '0.00'),
(151, 151, 0, '2019-09-30 09:29:31', 950, 6, 0, '0.00', '0.00'),
(152, 152, 0, '2019-09-30 09:29:31', 77, 1, 0, '0.00', '0.00'),
(153, 153, 0, '2019-09-30 09:29:31', 166, 4, 0, '0.00', '0.00'),
(154, 154, 0, '2019-09-30 09:29:31', 213, 6, 0, '0.00', '0.00'),
(155, 155, 0, '2019-09-30 09:29:31', 871, 3, 0, '0.00', '0.00'),
(156, 156, 0, '2019-09-30 09:29:31', 596, 4, 0, '0.00', '0.00'),
(157, 157, 0, '2019-09-30 09:29:31', 376, 6, 0, '0.00', '0.00'),
(158, 158, 0, '2019-09-30 09:29:31', 843, 3, 0, '0.00', '0.00'),
(159, 159, 0, '2019-09-30 09:29:31', 41, 6, 0, '0.00', '0.00'),
(160, 160, 0, '2019-09-30 09:29:31', 7, 3, 0, '0.00', '0.00'),
(161, 161, 0, '2019-09-30 09:29:31', 100, 3, 0, '0.00', '0.00'),
(162, 162, 0, '2019-09-30 09:29:31', 568, 6, 0, '0.00', '0.00'),
(163, 163, 0, '2019-09-30 09:29:31', 605, 10, 0, '0.00', '0.00'),
(164, 164, 0, '2019-09-30 09:29:31', 897, 5, 0, '0.00', '0.00'),
(165, 165, 0, '2019-09-30 09:29:31', 112, 4, 0, '0.00', '0.00'),
(166, 166, 0, '2019-09-30 09:29:31', 761, 5, 0, '0.00', '0.00'),
(167, 167, 0, '2019-09-30 09:29:31', 500, 1, 0, '0.00', '0.00'),
(168, 168, 0, '2019-09-30 09:29:31', 579, 10, 0, '0.00', '0.00'),
(169, 169, 0, '2019-09-30 09:29:31', 64, 1, 0, '0.00', '0.00'),
(170, 170, 0, '2019-09-30 09:29:31', 169, 5, 0, '0.00', '0.00'),
(171, 171, 0, '2019-09-30 09:29:31', 933, 9, 0, '0.00', '0.00'),
(172, 172, 0, '2019-09-30 09:29:31', 434, 5, 0, '0.00', '0.00'),
(173, 173, 0, '2019-09-30 09:29:31', 991, 5, 0, '0.00', '0.00'),
(174, 174, 0, '2019-09-30 09:29:31', 816, 3, 0, '0.00', '0.00'),
(175, 175, 0, '2019-09-30 09:29:31', 647, 9, 0, '0.00', '0.00'),
(176, 176, 0, '2019-09-30 09:29:31', 365, 9, 0, '0.00', '0.00'),
(177, 177, 0, '2019-09-30 09:29:31', 613, 6, 0, '0.00', '0.00'),
(178, 178, 0, '2019-09-30 09:29:31', 544, 1, 0, '0.00', '0.00'),
(179, 179, 0, '2019-09-30 09:29:31', 49, 10, 0, '0.00', '0.00'),
(180, 180, 0, '2019-09-30 09:29:31', 821, 2, 0, '0.00', '0.00'),
(181, 181, 0, '2019-09-30 09:29:31', 70, 1, 0, '0.00', '0.00'),
(182, 182, 0, '2019-09-30 09:29:31', 198, 5, 0, '0.00', '0.00'),
(183, 183, 0, '2019-09-30 09:29:31', 43, 10, 0, '0.00', '0.00'),
(184, 184, 0, '2019-09-30 09:29:31', 207, 9, 0, '0.00', '0.00'),
(185, 185, 0, '2019-09-30 09:29:31', 352, 7, 0, '0.00', '0.00'),
(186, 186, 0, '2019-09-30 09:29:31', 569, 3, 0, '0.00', '0.00'),
(187, 187, 0, '2019-09-30 09:29:31', 339, 10, 0, '0.00', '0.00'),
(188, 188, 0, '2019-09-30 09:29:31', 669, 4, 0, '0.00', '0.00'),
(189, 189, 0, '2019-09-30 09:29:31', 889, 7, 0, '0.00', '0.00'),
(190, 190, 0, '2019-09-30 09:29:31', 623, 10, 0, '0.00', '0.00'),
(191, 191, 0, '2019-09-30 09:29:31', 723, 7, 0, '0.00', '0.00'),
(192, 192, 0, '2019-09-30 09:29:31', 670, 9, 0, '0.00', '0.00'),
(193, 193, 0, '2019-09-30 09:29:31', 180, 7, 0, '0.00', '0.00'),
(194, 194, 0, '2019-09-30 09:29:31', 515, 1, 0, '0.00', '0.00'),
(195, 195, 0, '2019-09-30 09:29:31', 817, 1, 0, '0.00', '0.00'),
(196, 196, 0, '2019-09-30 09:29:31', 655, 6, 0, '0.00', '0.00'),
(197, 197, 0, '2019-09-30 09:29:31', 80, 5, 0, '0.00', '0.00'),
(198, 198, 0, '2019-09-30 09:29:31', 229, 1, 0, '0.00', '0.00'),
(199, 199, 0, '2019-09-30 09:29:31', 550, 8, 0, '0.00', '0.00'),
(200, 200, 0, '2019-09-30 09:29:31', 92, 6, 0, '0.00', '0.00'),
(201, 201, 0, '2019-09-30 09:29:31', 716, 10, 0, '0.00', '0.00'),
(202, 202, 0, '2019-09-30 09:29:31', 537, 8, 0, '0.00', '0.00'),
(203, 203, 0, '2019-09-30 09:29:31', 260, 5, 0, '0.00', '0.00'),
(204, 204, 0, '2019-09-30 09:29:31', 936, 10, 0, '0.00', '0.00'),
(205, 205, 0, '2019-09-30 09:29:31', 376, 5, 0, '0.00', '0.00'),
(206, 206, 0, '2019-09-30 09:29:31', 884, 5, 0, '0.00', '0.00'),
(207, 207, 0, '2019-09-30 09:29:31', 150, 5, 0, '0.00', '0.00'),
(208, 208, 0, '2019-09-30 09:29:31', 489, 9, 0, '0.00', '0.00'),
(209, 209, 0, '2019-09-30 09:29:31', 154, 9, 0, '0.00', '0.00'),
(210, 210, 0, '2019-09-30 09:29:31', 539, 2, 0, '0.00', '0.00'),
(211, 211, 0, '2019-09-30 09:29:31', 478, 10, 0, '0.00', '0.00'),
(212, 212, 0, '2019-09-30 09:29:31', 291, 6, 0, '0.00', '0.00'),
(213, 213, 0, '2019-09-30 09:29:31', 552, 2, 0, '0.00', '0.00'),
(214, 214, 0, '2019-09-30 09:29:31', 684, 8, 0, '0.00', '0.00'),
(215, 215, 0, '2019-09-30 09:29:31', 251, 9, 0, '0.00', '0.00'),
(216, 216, 0, '2019-09-30 09:29:31', 856, 2, 0, '0.00', '0.00'),
(217, 217, 0, '2019-09-30 09:29:31', 893, 5, 0, '0.00', '0.00'),
(218, 218, 0, '2019-09-30 09:29:31', 875, 10, 0, '0.00', '0.00'),
(219, 219, 0, '2019-09-30 09:29:31', 771, 1, 0, '0.00', '0.00'),
(220, 220, 0, '2019-09-30 09:29:31', 221, 10, 0, '0.00', '0.00'),
(221, 221, 0, '2019-09-30 09:29:31', 599, 8, 0, '0.00', '0.00'),
(222, 222, 0, '2019-09-30 09:29:31', 787, 8, 0, '0.00', '0.00'),
(223, 223, 0, '2019-09-30 09:29:31', 414, 2, 0, '0.00', '0.00'),
(224, 224, 0, '2019-09-30 09:29:31', 684, 5, 0, '0.00', '0.00'),
(225, 225, 0, '2019-09-30 09:29:31', 553, 7, 0, '0.00', '0.00'),
(226, 226, 0, '2019-09-30 09:29:31', 843, 7, 0, '0.00', '0.00'),
(227, 227, 0, '2019-09-30 09:29:31', 828, 4, 0, '0.00', '0.00'),
(228, 228, 0, '2019-09-30 09:29:31', 412, 6, 0, '0.00', '0.00'),
(229, 229, 0, '2019-09-30 09:29:31', 351, 4, 0, '0.00', '0.00'),
(230, 230, 0, '2019-09-30 09:29:31', 870, 2, 0, '0.00', '0.00'),
(231, 231, 0, '2019-09-30 09:29:31', 923, 2, 0, '0.00', '0.00'),
(232, 232, 0, '2019-09-30 09:29:31', 782, 9, 0, '0.00', '0.00'),
(233, 233, 0, '2019-09-30 09:29:31', 714, 3, 0, '0.00', '0.00'),
(234, 234, 0, '2019-09-30 09:29:31', 590, 8, 0, '0.00', '0.00'),
(235, 235, 0, '2019-09-30 09:29:31', 42, 1, 0, '0.00', '0.00'),
(236, 236, 0, '2019-09-30 09:29:31', 279, 5, 0, '0.00', '0.00'),
(237, 237, 0, '2019-09-30 09:29:31', 649, 9, 0, '0.00', '0.00'),
(238, 238, 0, '2019-09-30 09:29:31', 259, 6, 0, '0.00', '0.00'),
(239, 239, 0, '2019-09-30 09:29:31', 349, 2, 0, '0.00', '0.00'),
(240, 240, 0, '2019-09-30 09:29:31', 265, 5, 0, '0.00', '0.00'),
(241, 241, 0, '2019-09-30 09:29:31', 931, 7, 0, '0.00', '0.00'),
(242, 242, 0, '2019-09-30 09:29:31', 829, 9, 0, '0.00', '0.00'),
(243, 243, 0, '2019-09-30 09:29:31', 304, 3, 0, '0.00', '0.00'),
(244, 244, 0, '2019-09-30 09:29:31', 667, 4, 0, '0.00', '0.00'),
(245, 245, 0, '2019-09-30 09:29:31', 909, 7, 0, '0.00', '0.00'),
(246, 246, 0, '2019-09-30 09:29:31', 444, 4, 0, '0.00', '0.00'),
(247, 247, 0, '2019-09-30 09:29:31', 740, 1, 0, '0.00', '0.00'),
(248, 248, 0, '2019-09-30 09:29:31', 734, 8, 0, '0.00', '0.00'),
(249, 249, 0, '2019-09-30 09:29:31', 107, 2, 0, '0.00', '0.00'),
(250, 250, 0, '2019-09-30 09:29:31', 716, 1, 0, '0.00', '0.00'),
(251, 251, 0, '2019-09-30 09:29:31', 895, 2, 0, '0.00', '0.00'),
(252, 252, 0, '2019-09-30 09:29:31', 540, 3, 0, '0.00', '0.00'),
(253, 253, 0, '2019-09-30 09:29:31', 221, 5, 0, '0.00', '0.00'),
(254, 254, 0, '2019-09-30 09:29:31', 648, 8, 0, '0.00', '0.00'),
(255, 255, 0, '2019-09-30 09:29:31', 378, 2, 0, '0.00', '0.00'),
(256, 256, 0, '2019-09-30 09:29:31', 519, 2, 0, '0.00', '0.00'),
(257, 257, 0, '2019-09-30 09:29:31', 954, 7, 0, '0.00', '0.00'),
(258, 258, 0, '2019-09-30 09:29:31', 591, 10, 0, '0.00', '0.00'),
(259, 259, 0, '2019-09-30 09:29:31', 163, 1, 0, '0.00', '0.00'),
(260, 260, 0, '2019-09-30 09:29:31', 896, 1, 0, '0.00', '0.00'),
(261, 261, 0, '2019-09-30 09:29:31', 627, 3, 0, '0.00', '0.00'),
(262, 262, 0, '2019-09-30 09:29:31', 983, 3, 0, '0.00', '0.00'),
(263, 263, 0, '2019-09-30 09:29:31', 84, 2, 0, '0.00', '0.00'),
(264, 264, 0, '2019-09-30 09:29:31', 140, 6, 0, '0.00', '0.00'),
(265, 265, 0, '2019-09-30 09:29:31', 871, 8, 0, '0.00', '0.00'),
(266, 266, 0, '2019-09-30 09:29:31', 580, 1, 0, '0.00', '0.00'),
(267, 267, 0, '2019-09-30 09:29:31', 711, 9, 0, '0.00', '0.00'),
(268, 268, 0, '2019-09-30 09:29:31', 779, 2, 0, '0.00', '0.00'),
(269, 269, 0, '2019-09-30 09:29:31', 653, 7, 0, '0.00', '0.00'),
(270, 270, 0, '2019-09-30 09:29:31', 36, 10, 0, '0.00', '0.00'),
(271, 271, 0, '2019-09-30 09:29:31', 695, 5, 0, '0.00', '0.00'),
(272, 272, 0, '2019-09-30 09:29:31', 994, 4, 0, '0.00', '0.00'),
(273, 273, 0, '2019-09-30 09:29:31', 967, 3, 0, '0.00', '0.00'),
(274, 274, 0, '2019-09-30 09:29:31', 166, 5, 0, '0.00', '0.00'),
(275, 275, 0, '2019-09-30 09:29:31', 438, 7, 0, '0.00', '0.00'),
(276, 276, 0, '2019-09-30 09:29:31', 561, 10, 0, '0.00', '0.00'),
(277, 277, 0, '2019-09-30 09:29:31', 718, 3, 0, '0.00', '0.00'),
(278, 278, 0, '2019-09-30 09:29:31', 957, 2, 0, '0.00', '0.00'),
(279, 279, 0, '2019-09-30 09:29:31', 630, 3, 0, '0.00', '0.00'),
(280, 280, 0, '2019-09-30 09:29:31', 104, 6, 0, '0.00', '0.00'),
(281, 281, 0, '2019-09-30 09:29:31', 27, 10, 0, '0.00', '0.00'),
(282, 282, 0, '2019-09-30 09:29:31', 768, 4, 0, '0.00', '0.00'),
(283, 283, 0, '2019-09-30 09:29:31', 650, 10, 0, '0.00', '0.00'),
(284, 284, 0, '2019-09-30 09:29:31', 505, 1, 0, '0.00', '0.00'),
(285, 285, 0, '2019-09-30 09:29:31', 178, 8, 0, '0.00', '0.00'),
(286, 286, 0, '2019-09-30 09:29:31', 148, 10, 0, '0.00', '0.00'),
(287, 287, 0, '2019-09-30 09:29:31', 771, 4, 0, '0.00', '0.00'),
(288, 288, 0, '2019-09-30 09:29:31', 898, 1, 0, '0.00', '0.00'),
(289, 289, 0, '2019-09-30 09:29:31', 489, 8, 0, '0.00', '0.00'),
(290, 290, 0, '2019-09-30 09:29:31', 220, 5, 0, '0.00', '0.00'),
(291, 291, 0, '2019-09-30 09:29:31', 5, 4, 0, '0.00', '0.00'),
(292, 292, 0, '2019-09-30 09:29:31', 746, 8, 0, '0.00', '0.00'),
(293, 293, 0, '2019-09-30 09:29:31', 828, 9, 0, '0.00', '0.00'),
(294, 294, 0, '2019-09-30 09:29:31', 765, 6, 0, '0.00', '0.00'),
(295, 295, 0, '2019-09-30 09:29:31', 318, 2, 0, '0.00', '0.00'),
(296, 296, 0, '2019-09-30 09:29:31', 171, 5, 0, '0.00', '0.00'),
(297, 297, 0, '2019-09-30 09:29:31', 947, 6, 0, '0.00', '0.00'),
(298, 298, 0, '2019-09-30 09:29:31', 813, 1, 0, '0.00', '0.00'),
(299, 299, 0, '2019-09-30 09:29:31', 362, 6, 0, '0.00', '0.00'),
(300, 300, 0, '2019-09-30 09:29:31', 433, 2, 0, '0.00', '0.00'),
(301, 301, 0, '2019-09-30 09:29:31', 313, 10, 0, '0.00', '0.00'),
(302, 302, 0, '2019-09-30 09:29:31', 6, 8, 0, '0.00', '0.00'),
(303, 303, 0, '2019-09-30 09:29:31', 290, 7, 0, '0.00', '0.00'),
(304, 304, 0, '2019-09-30 09:29:31', 472, 5, 0, '0.00', '0.00'),
(305, 305, 0, '2019-09-30 09:29:31', 90, 8, 0, '0.00', '0.00'),
(306, 306, 0, '2019-09-30 09:29:31', 387, 6, 0, '0.00', '0.00'),
(307, 307, 0, '2019-09-30 09:29:31', 183, 5, 0, '0.00', '0.00'),
(308, 308, 0, '2019-09-30 09:29:31', 371, 4, 0, '0.00', '0.00'),
(309, 309, 0, '2019-09-30 09:29:31', 83, 5, 0, '0.00', '0.00'),
(310, 310, 0, '2019-09-30 09:29:31', 453, 2, 0, '0.00', '0.00'),
(311, 311, 0, '2019-09-30 09:29:31', 194, 9, 0, '0.00', '0.00'),
(312, 312, 0, '2019-09-30 09:29:31', 441, 2, 0, '0.00', '0.00'),
(313, 313, 0, '2019-09-30 09:29:31', 416, 4, 0, '0.00', '0.00'),
(314, 314, 0, '2019-09-30 09:29:31', 726, 4, 0, '0.00', '0.00'),
(315, 315, 0, '2019-09-30 09:29:31', 356, 2, 0, '0.00', '0.00'),
(316, 316, 0, '2019-09-30 09:29:31', 342, 8, 0, '0.00', '0.00'),
(317, 317, 0, '2019-09-30 09:29:31', 202, 4, 0, '0.00', '0.00'),
(318, 318, 0, '2019-09-30 09:29:31', 412, 8, 0, '0.00', '0.00'),
(319, 319, 0, '2019-09-30 09:29:31', 534, 5, 0, '0.00', '0.00'),
(320, 320, 0, '2019-09-30 09:29:31', 476, 7, 0, '0.00', '0.00'),
(321, 321, 0, '2019-09-30 09:29:31', 319, 2, 0, '0.00', '0.00'),
(322, 322, 0, '2019-09-30 09:29:31', 311, 2, 0, '0.00', '0.00'),
(323, 323, 0, '2019-09-30 09:29:31', 135, 7, 0, '0.00', '0.00'),
(324, 324, 0, '2019-09-30 09:29:31', 649, 1, 0, '0.00', '0.00'),
(325, 325, 0, '2019-09-30 09:29:31', 941, 9, 0, '0.00', '0.00'),
(326, 326, 0, '2019-09-30 09:29:31', 679, 9, 0, '0.00', '0.00'),
(327, 327, 0, '2019-09-30 09:29:31', 412, 8, 0, '0.00', '0.00'),
(328, 328, 0, '2019-09-30 09:29:31', 439, 6, 0, '0.00', '0.00'),
(329, 329, 0, '2019-09-30 09:29:31', 277, 7, 0, '0.00', '0.00'),
(330, 330, 0, '2019-09-30 09:29:31', 321, 7, 0, '0.00', '0.00'),
(331, 331, 0, '2019-09-30 09:29:31', 3, 6, 0, '0.00', '0.00'),
(332, 332, 0, '2019-09-30 09:29:31', 630, 8, 0, '0.00', '0.00'),
(333, 333, 0, '2019-09-30 09:29:31', 101, 7, 0, '0.00', '0.00'),
(334, 334, 0, '2019-09-30 09:29:31', 819, 9, 0, '0.00', '0.00'),
(335, 335, 0, '2019-09-30 09:29:31', 400, 9, 0, '0.00', '0.00'),
(336, 336, 0, '2019-09-30 09:29:31', 132, 8, 0, '0.00', '0.00'),
(337, 337, 0, '2019-09-30 09:29:31', 352, 10, 0, '0.00', '0.00'),
(338, 338, 0, '2019-09-30 09:29:31', 55, 5, 0, '0.00', '0.00'),
(339, 339, 0, '2019-09-30 09:29:31', 571, 5, 0, '0.00', '0.00'),
(340, 340, 0, '2019-09-30 09:29:31', 556, 2, 0, '0.00', '0.00'),
(341, 341, 0, '2019-09-30 09:29:31', 820, 5, 0, '0.00', '0.00'),
(342, 342, 0, '2019-09-30 09:29:31', 242, 10, 0, '0.00', '0.00'),
(343, 343, 0, '2019-09-30 09:29:31', 50, 5, 0, '0.00', '0.00'),
(344, 344, 0, '2019-09-30 09:29:31', 551, 3, 0, '0.00', '0.00'),
(345, 345, 0, '2019-09-30 09:29:31', 478, 7, 0, '0.00', '0.00'),
(346, 346, 0, '2019-09-30 09:29:31', 128, 7, 0, '0.00', '0.00'),
(347, 347, 0, '2019-09-30 09:29:31', 851, 3, 0, '0.00', '0.00'),
(348, 348, 0, '2019-09-30 09:29:31', 519, 3, 0, '0.00', '0.00'),
(349, 349, 0, '2019-09-30 09:29:31', 439, 2, 0, '0.00', '0.00'),
(350, 350, 0, '2019-09-30 09:29:31', 198, 1, 0, '0.00', '0.00'),
(351, 351, 0, '2019-09-30 09:29:31', 572, 10, 0, '0.00', '0.00'),
(352, 352, 0, '2019-09-30 09:29:31', 506, 4, 0, '0.00', '0.00'),
(353, 353, 0, '2019-09-30 09:29:31', 614, 9, 0, '0.00', '0.00'),
(354, 354, 0, '2019-09-30 09:29:31', 25, 1, 0, '0.00', '0.00'),
(355, 355, 0, '2019-09-30 09:29:31', 19, 1, 0, '0.00', '0.00'),
(356, 356, 0, '2019-09-30 09:29:31', 367, 7, 0, '0.00', '0.00'),
(357, 357, 0, '2019-09-30 09:29:31', 886, 2, 0, '0.00', '0.00'),
(358, 358, 0, '2019-09-30 09:29:31', 934, 5, 0, '0.00', '0.00'),
(359, 359, 0, '2019-09-30 09:29:31', 906, 9, 0, '0.00', '0.00'),
(360, 360, 0, '2019-09-30 09:29:31', 549, 6, 0, '0.00', '0.00'),
(361, 361, 0, '2019-09-30 09:29:31', 316, 3, 0, '0.00', '0.00'),
(362, 362, 0, '2019-09-30 09:29:31', 542, 8, 0, '0.00', '0.00'),
(363, 363, 0, '2019-09-30 09:29:31', 672, 8, 0, '0.00', '0.00'),
(364, 364, 0, '2019-09-30 09:29:31', 39, 9, 0, '0.00', '0.00'),
(365, 365, 0, '2019-09-30 09:29:31', 777, 5, 0, '0.00', '0.00'),
(366, 366, 0, '2019-09-30 09:29:31', 926, 7, 0, '0.00', '0.00'),
(367, 367, 0, '2019-09-30 09:29:31', 259, 9, 0, '0.00', '0.00'),
(368, 368, 0, '2019-09-30 09:29:31', 410, 9, 0, '0.00', '0.00'),
(369, 369, 0, '2019-09-30 09:29:31', 32, 10, 0, '0.00', '0.00'),
(370, 370, 0, '2019-09-30 09:29:31', 782, 9, 0, '0.00', '0.00'),
(371, 371, 0, '2019-09-30 09:29:31', 805, 6, 0, '0.00', '0.00'),
(372, 372, 0, '2019-09-30 09:29:31', 702, 5, 0, '0.00', '0.00'),
(373, 373, 0, '2019-09-30 09:29:31', 314, 2, 0, '0.00', '0.00'),
(374, 374, 0, '2019-09-30 09:29:31', 156, 5, 0, '0.00', '0.00'),
(375, 375, 0, '2019-09-30 09:29:31', 395, 8, 0, '0.00', '0.00'),
(376, 376, 0, '2019-09-30 09:29:31', 989, 1, 0, '0.00', '0.00'),
(377, 377, 0, '2019-09-30 09:29:31', 742, 9, 0, '0.00', '0.00'),
(378, 378, 0, '2019-09-30 09:29:31', 552, 8, 0, '0.00', '0.00'),
(379, 379, 0, '2019-09-30 09:29:31', 632, 10, 0, '0.00', '0.00'),
(380, 380, 0, '2019-09-30 09:29:31', 634, 8, 0, '0.00', '0.00'),
(381, 381, 0, '2019-09-30 09:29:31', 66, 2, 0, '0.00', '0.00'),
(382, 382, 0, '2019-09-30 09:29:31', 950, 3, 0, '0.00', '0.00'),
(383, 383, 0, '2019-09-30 09:29:31', 463, 8, 0, '0.00', '0.00'),
(384, 384, 0, '2019-09-30 09:29:31', 160, 10, 0, '0.00', '0.00'),
(385, 385, 0, '2019-09-30 09:29:31', 675, 4, 0, '0.00', '0.00'),
(386, 386, 0, '2019-09-30 09:29:31', 557, 9, 0, '0.00', '0.00'),
(387, 387, 0, '2019-09-30 09:29:31', 236, 9, 0, '0.00', '0.00'),
(388, 388, 0, '2019-09-30 09:29:31', 618, 3, 0, '0.00', '0.00'),
(389, 389, 0, '2019-09-30 09:29:31', 222, 6, 0, '0.00', '0.00'),
(390, 390, 0, '2019-09-30 09:29:31', 870, 9, 0, '0.00', '0.00'),
(391, 391, 0, '2019-09-30 09:29:31', 672, 5, 0, '0.00', '0.00'),
(392, 392, 0, '2019-09-30 09:29:31', 944, 6, 0, '0.00', '0.00'),
(393, 393, 0, '2019-09-30 09:29:31', 676, 10, 0, '0.00', '0.00'),
(394, 394, 0, '2019-09-30 09:29:31', 486, 9, 0, '0.00', '0.00'),
(395, 395, 0, '2019-09-30 09:29:31', 123, 1, 0, '0.00', '0.00'),
(396, 396, 0, '2019-09-30 09:29:31', 734, 7, 0, '0.00', '0.00'),
(397, 397, 0, '2019-09-30 09:29:31', 840, 3, 0, '0.00', '0.00'),
(398, 398, 0, '2019-09-30 09:29:31', 224, 6, 0, '0.00', '0.00'),
(399, 399, 0, '2019-09-30 09:29:31', 632, 7, 0, '0.00', '0.00'),
(400, 400, 0, '2019-09-30 09:29:31', 186, 5, 0, '0.00', '0.00'),
(401, 401, 0, '2019-09-30 09:29:31', 923, 9, 0, '0.00', '0.00'),
(402, 402, 0, '2019-09-30 09:29:31', 351, 10, 0, '0.00', '0.00'),
(403, 403, 0, '2019-09-30 09:29:31', 103, 7, 0, '0.00', '0.00'),
(404, 404, 0, '2019-09-30 09:29:31', 656, 1, 0, '0.00', '0.00'),
(405, 405, 0, '2019-09-30 09:29:31', 714, 4, 0, '0.00', '0.00'),
(406, 406, 0, '2019-09-30 09:29:31', 306, 3, 0, '0.00', '0.00'),
(407, 407, 0, '2019-09-30 09:29:31', 574, 10, 0, '0.00', '0.00'),
(408, 408, 0, '2019-09-30 09:29:31', 298, 6, 0, '0.00', '0.00'),
(409, 409, 0, '2019-09-30 09:29:31', 228, 3, 0, '0.00', '0.00'),
(410, 410, 0, '2019-09-30 09:29:31', 648, 4, 0, '0.00', '0.00'),
(411, 411, 0, '2019-09-30 09:29:31', 881, 9, 0, '0.00', '0.00'),
(412, 412, 0, '2019-09-30 09:29:31', 979, 8, 0, '0.00', '0.00'),
(413, 413, 0, '2019-09-30 09:29:31', 436, 1, 0, '0.00', '0.00'),
(414, 414, 0, '2019-09-30 09:29:31', 869, 3, 0, '0.00', '0.00'),
(415, 415, 0, '2019-09-30 09:29:31', 112, 6, 0, '0.00', '0.00'),
(416, 416, 0, '2019-09-30 09:29:31', 332, 10, 0, '0.00', '0.00'),
(417, 417, 0, '2019-09-30 09:29:31', 52, 6, 0, '0.00', '0.00'),
(418, 418, 0, '2019-09-30 09:29:31', 957, 4, 0, '0.00', '0.00'),
(419, 419, 0, '2019-09-30 09:29:31', 534, 8, 0, '0.00', '0.00'),
(420, 420, 0, '2019-09-30 09:29:31', 679, 9, 0, '0.00', '0.00'),
(421, 421, 0, '2019-09-30 09:29:31', 728, 5, 0, '0.00', '0.00'),
(422, 422, 0, '2019-09-30 09:29:31', 373, 4, 0, '0.00', '0.00'),
(423, 423, 0, '2019-09-30 09:29:31', 110, 2, 0, '0.00', '0.00'),
(424, 424, 0, '2019-09-30 09:29:31', 685, 1, 0, '0.00', '0.00'),
(425, 425, 0, '2019-09-30 09:29:31', 426, 8, 0, '0.00', '0.00'),
(426, 426, 0, '2019-09-30 09:29:31', 426, 9, 0, '0.00', '0.00'),
(427, 427, 0, '2019-09-30 09:29:31', 35, 6, 0, '0.00', '0.00'),
(428, 428, 0, '2019-09-30 09:29:31', 127, 1, 0, '0.00', '0.00'),
(429, 429, 0, '2019-09-30 09:29:31', 336, 3, 0, '0.00', '0.00'),
(430, 430, 0, '2019-09-30 09:29:31', 881, 3, 0, '0.00', '0.00'),
(431, 431, 0, '2019-09-30 09:29:31', 734, 7, 0, '0.00', '0.00'),
(432, 432, 0, '2019-09-30 09:29:31', 961, 4, 0, '0.00', '0.00'),
(433, 433, 0, '2019-09-30 09:29:31', 111, 4, 0, '0.00', '0.00'),
(434, 434, 0, '2019-09-30 09:29:31', 561, 4, 0, '0.00', '0.00'),
(435, 435, 0, '2019-09-30 09:29:31', 798, 8, 0, '0.00', '0.00'),
(436, 436, 0, '2019-09-30 09:29:31', 368, 6, 0, '0.00', '0.00'),
(437, 437, 0, '2019-09-30 09:29:31', 238, 2, 0, '0.00', '0.00'),
(438, 438, 0, '2019-09-30 09:29:31', 649, 2, 0, '0.00', '0.00'),
(439, 439, 0, '2019-09-30 09:29:31', 969, 2, 0, '0.00', '0.00'),
(440, 440, 0, '2019-09-30 09:29:31', 545, 3, 0, '0.00', '0.00'),
(441, 441, 0, '2019-09-30 09:29:31', 190, 6, 0, '0.00', '0.00'),
(442, 442, 0, '2019-09-30 09:29:31', 118, 4, 0, '0.00', '0.00'),
(443, 443, 0, '2019-09-30 09:29:31', 899, 6, 0, '0.00', '0.00'),
(444, 444, 0, '2019-09-30 09:29:31', 586, 7, 0, '0.00', '0.00'),
(445, 445, 0, '2019-09-30 09:29:31', 546, 1, 0, '0.00', '0.00'),
(446, 446, 0, '2019-09-30 09:29:31', 637, 9, 0, '0.00', '0.00'),
(447, 447, 0, '2019-09-30 09:29:31', 141, 1, 0, '0.00', '0.00'),
(448, 448, 0, '2019-09-30 09:29:31', 576, 5, 0, '0.00', '0.00'),
(449, 449, 0, '2019-09-30 09:29:31', 393, 4, 0, '0.00', '0.00'),
(450, 450, 0, '2019-09-30 09:29:31', 594, 6, 0, '0.00', '0.00'),
(451, 451, 0, '2019-09-30 09:29:31', 36, 8, 0, '0.00', '0.00'),
(452, 452, 0, '2019-09-30 09:29:31', 382, 3, 0, '0.00', '0.00'),
(453, 453, 0, '2019-09-30 09:29:31', 297, 8, 0, '0.00', '0.00'),
(454, 454, 0, '2019-09-30 09:29:31', 345, 8, 0, '0.00', '0.00'),
(455, 455, 0, '2019-09-30 09:29:31', 348, 3, 0, '0.00', '0.00'),
(456, 456, 0, '2019-09-30 09:29:31', 902, 7, 0, '0.00', '0.00'),
(457, 457, 0, '2019-09-30 09:29:31', 782, 9, 0, '0.00', '0.00'),
(458, 458, 0, '2019-09-30 09:29:31', 193, 8, 0, '0.00', '0.00'),
(459, 459, 0, '2019-09-30 09:29:31', 153, 1, 0, '0.00', '0.00'),
(460, 460, 0, '2019-09-30 09:29:31', 797, 6, 0, '0.00', '0.00'),
(461, 461, 0, '2019-09-30 09:29:31', 563, 2, 0, '0.00', '0.00'),
(462, 462, 0, '2019-09-30 09:29:31', 652, 2, 0, '0.00', '0.00'),
(463, 463, 0, '2019-09-30 09:29:31', 240, 3, 0, '0.00', '0.00'),
(464, 464, 0, '2019-09-30 09:29:31', 347, 1, 0, '0.00', '0.00'),
(465, 465, 0, '2019-09-30 09:29:31', 707, 2, 0, '0.00', '0.00'),
(466, 466, 0, '2019-09-30 09:29:31', 614, 4, 0, '0.00', '0.00'),
(467, 467, 0, '2019-09-30 09:29:31', 131, 7, 0, '0.00', '0.00'),
(468, 468, 0, '2019-09-30 09:29:31', 937, 5, 0, '0.00', '0.00'),
(469, 469, 0, '2019-09-30 09:29:31', 450, 3, 0, '0.00', '0.00'),
(470, 470, 0, '2019-09-30 09:29:31', 763, 4, 0, '0.00', '0.00'),
(471, 471, 0, '2019-09-30 09:29:31', 743, 7, 0, '0.00', '0.00'),
(472, 472, 0, '2019-09-30 09:29:31', 275, 10, 0, '0.00', '0.00'),
(473, 473, 0, '2019-09-30 09:29:31', 416, 2, 0, '0.00', '0.00'),
(474, 474, 0, '2019-09-30 09:29:31', 461, 9, 0, '0.00', '0.00'),
(475, 475, 0, '2019-09-30 09:29:31', 997, 1, 0, '0.00', '0.00'),
(476, 476, 0, '2019-09-30 09:29:31', 635, 1, 0, '0.00', '0.00'),
(477, 477, 0, '2019-09-30 09:29:31', 167, 7, 0, '0.00', '0.00'),
(478, 478, 0, '2019-09-30 09:29:31', 128, 2, 0, '0.00', '0.00'),
(479, 479, 0, '2019-09-30 09:29:31', 18, 9, 0, '0.00', '0.00'),
(480, 480, 0, '2019-09-30 09:29:31', 344, 4, 0, '0.00', '0.00'),
(481, 481, 0, '2019-09-30 09:29:31', 352, 4, 0, '0.00', '0.00'),
(482, 482, 0, '2019-09-30 09:29:31', 583, 8, 0, '0.00', '0.00'),
(483, 483, 0, '2019-09-30 09:29:31', 102, 4, 0, '0.00', '0.00'),
(484, 484, 0, '2019-09-30 09:29:31', 420, 10, 0, '0.00', '0.00'),
(485, 485, 0, '2019-09-30 09:29:31', 695, 4, 0, '0.00', '0.00'),
(486, 486, 0, '2019-09-30 09:29:31', 815, 7, 0, '0.00', '0.00'),
(487, 487, 0, '2019-09-30 09:29:31', 589, 9, 0, '0.00', '0.00'),
(488, 488, 0, '2019-09-30 09:29:31', 240, 10, 0, '0.00', '0.00'),
(489, 489, 0, '2019-09-30 09:29:31', 344, 3, 0, '0.00', '0.00'),
(490, 490, 0, '2019-09-30 09:29:31', 195, 9, 0, '0.00', '0.00'),
(491, 491, 0, '2019-09-30 09:29:31', 690, 5, 0, '0.00', '0.00'),
(492, 492, 0, '2019-09-30 09:29:31', 540, 10, 0, '0.00', '0.00'),
(493, 493, 0, '2019-09-30 09:29:31', 647, 2, 0, '0.00', '0.00'),
(494, 494, 0, '2019-09-30 09:29:31', 324, 9, 0, '0.00', '0.00'),
(495, 495, 0, '2019-09-30 09:29:31', 168, 8, 0, '0.00', '0.00'),
(496, 496, 0, '2019-09-30 09:29:31', 88, 2, 0, '0.00', '0.00'),
(497, 497, 0, '2019-09-30 09:29:31', 365, 5, 0, '0.00', '0.00'),
(498, 498, 0, '2019-09-30 09:29:31', 989, 3, 0, '0.00', '0.00'),
(499, 499, 0, '2019-09-30 09:29:31', 14, 5, 0, '0.00', '0.00'),
(500, 500, 0, '2019-09-30 09:29:31', 447, 3, 0, '0.00', '0.00'),
(501, 501, 0, '2019-09-30 09:29:31', 229, 3, 0, '0.00', '0.00'),
(502, 502, 0, '2019-09-30 09:29:31', 929, 4, 0, '0.00', '0.00'),
(503, 503, 0, '2019-09-30 09:29:31', 437, 8, 0, '0.00', '0.00'),
(504, 504, 0, '2019-09-30 09:29:31', 246, 7, 0, '0.00', '0.00'),
(505, 505, 0, '2019-09-30 09:29:31', 595, 7, 0, '0.00', '0.00'),
(506, 506, 0, '2019-09-30 09:29:31', 597, 10, 0, '0.00', '0.00'),
(507, 507, 0, '2019-09-30 09:29:31', 482, 4, 0, '0.00', '0.00'),
(508, 508, 0, '2019-09-30 09:29:31', 24, 2, 0, '0.00', '0.00'),
(509, 509, 0, '2019-09-30 09:29:31', 528, 4, 0, '0.00', '0.00'),
(510, 510, 0, '2019-09-30 09:29:31', 242, 7, 0, '0.00', '0.00'),
(511, 511, 0, '2019-09-30 09:29:31', 787, 5, 0, '0.00', '0.00'),
(512, 512, 0, '2019-09-30 09:29:31', 558, 4, 0, '0.00', '0.00'),
(513, 513, 0, '2019-09-30 09:29:31', 246, 6, 0, '0.00', '0.00'),
(514, 514, 0, '2019-09-30 09:29:31', 881, 9, 0, '0.00', '0.00'),
(515, 515, 0, '2019-09-30 09:29:31', 995, 6, 0, '0.00', '0.00'),
(516, 516, 0, '2019-09-30 09:29:31', 201, 4, 0, '0.00', '0.00'),
(517, 517, 0, '2019-09-30 09:29:31', 559, 9, 0, '0.00', '0.00'),
(518, 518, 0, '2019-09-30 09:29:31', 556, 5, 0, '0.00', '0.00'),
(519, 519, 0, '2019-09-30 09:29:31', 615, 8, 0, '0.00', '0.00'),
(520, 520, 0, '2019-09-30 09:29:31', 151, 1, 0, '0.00', '0.00'),
(521, 521, 0, '2019-09-30 09:29:31', 25, 3, 0, '0.00', '0.00'),
(522, 522, 0, '2019-09-30 09:29:31', 845, 10, 0, '0.00', '0.00'),
(523, 523, 0, '2019-09-30 09:29:31', 19, 10, 0, '0.00', '0.00'),
(524, 524, 0, '2019-09-30 09:29:31', 528, 6, 0, '0.00', '0.00'),
(525, 525, 0, '2019-09-30 09:29:31', 619, 9, 0, '0.00', '0.00'),
(526, 526, 0, '2019-09-30 09:29:31', 436, 5, 0, '0.00', '0.00'),
(527, 527, 0, '2019-09-30 09:29:31', 857, 10, 0, '0.00', '0.00'),
(528, 528, 0, '2019-09-30 09:29:31', 682, 1, 0, '0.00', '0.00'),
(529, 529, 0, '2019-09-30 09:29:31', 451, 1, 0, '0.00', '0.00'),
(530, 530, 0, '2019-09-30 09:29:31', 23, 1, 0, '0.00', '0.00'),
(531, 531, 0, '2019-09-30 09:29:31', 882, 5, 0, '0.00', '0.00'),
(532, 532, 0, '2019-09-30 09:29:31', 173, 4, 0, '0.00', '0.00'),
(533, 533, 0, '2019-09-30 09:29:31', 239, 3, 0, '0.00', '0.00'),
(534, 534, 0, '2019-09-30 09:29:31', 940, 1, 0, '0.00', '0.00'),
(535, 535, 0, '2019-09-30 09:29:31', 699, 5, 0, '0.00', '0.00'),
(536, 536, 0, '2019-09-30 09:29:31', 952, 10, 0, '0.00', '0.00'),
(537, 537, 0, '2019-09-30 09:29:31', 231, 9, 0, '0.00', '0.00'),
(538, 538, 0, '2019-09-30 09:29:31', 598, 5, 0, '0.00', '0.00'),
(539, 539, 0, '2019-09-30 09:29:31', 369, 2, 0, '0.00', '0.00'),
(540, 540, 0, '2019-09-30 09:29:31', 13, 2, 0, '0.00', '0.00'),
(541, 541, 0, '2019-09-30 09:29:31', 120, 3, 0, '0.00', '0.00'),
(542, 542, 0, '2019-09-30 09:29:31', 391, 3, 0, '0.00', '0.00'),
(543, 543, 0, '2019-09-30 09:29:31', 62, 6, 0, '0.00', '0.00'),
(544, 544, 0, '2019-09-30 09:29:31', 754, 7, 0, '0.00', '0.00'),
(545, 545, 0, '2019-09-30 09:29:31', 561, 10, 0, '0.00', '0.00'),
(546, 546, 0, '2019-09-30 09:29:31', 703, 7, 0, '0.00', '0.00'),
(547, 547, 0, '2019-09-30 09:29:31', 45, 2, 0, '0.00', '0.00'),
(548, 548, 0, '2019-09-30 09:29:31', 52, 10, 0, '0.00', '0.00'),
(549, 549, 0, '2019-09-30 09:29:31', 860, 5, 0, '0.00', '0.00'),
(550, 550, 0, '2019-09-30 09:29:31', 504, 8, 0, '0.00', '0.00'),
(551, 551, 0, '2019-09-30 09:29:31', 632, 8, 0, '0.00', '0.00'),
(552, 552, 0, '2019-09-30 09:29:31', 916, 10, 0, '0.00', '0.00'),
(553, 553, 0, '2019-09-30 09:29:31', 212, 8, 0, '0.00', '0.00'),
(554, 554, 0, '2019-09-30 09:29:31', 195, 3, 0, '0.00', '0.00'),
(555, 555, 0, '2019-09-30 09:29:31', 966, 5, 0, '0.00', '0.00'),
(556, 556, 0, '2019-09-30 09:29:31', 73, 1, 0, '0.00', '0.00'),
(557, 557, 0, '2019-09-30 09:29:31', 994, 10, 0, '0.00', '0.00'),
(558, 558, 0, '2019-09-30 09:29:31', 518, 1, 0, '0.00', '0.00'),
(559, 559, 0, '2019-09-30 09:29:31', 481, 9, 0, '0.00', '0.00'),
(560, 560, 0, '2019-09-30 09:29:31', 654, 3, 0, '0.00', '0.00'),
(561, 561, 0, '2019-09-30 09:29:31', 154, 8, 0, '0.00', '0.00'),
(562, 562, 0, '2019-09-30 09:29:31', 81, 10, 0, '0.00', '0.00'),
(563, 563, 0, '2019-09-30 09:29:31', 947, 6, 0, '0.00', '0.00'),
(564, 564, 0, '2019-09-30 09:29:31', 347, 9, 0, '0.00', '0.00'),
(565, 565, 0, '2019-09-30 09:29:31', 170, 8, 0, '0.00', '0.00'),
(566, 566, 0, '2019-09-30 09:29:31', 97, 7, 0, '0.00', '0.00'),
(567, 567, 0, '2019-09-30 09:29:31', 563, 2, 0, '0.00', '0.00'),
(568, 568, 0, '2019-09-30 09:29:31', 164, 8, 0, '0.00', '0.00'),
(569, 569, 0, '2019-09-30 09:29:31', 626, 5, 0, '0.00', '0.00'),
(570, 570, 0, '2019-09-30 09:29:31', 918, 9, 0, '0.00', '0.00'),
(571, 571, 0, '2019-09-30 09:29:31', 734, 6, 0, '0.00', '0.00'),
(572, 572, 0, '2019-09-30 09:29:31', 833, 9, 0, '0.00', '0.00'),
(573, 573, 0, '2019-09-30 09:29:31', 216, 10, 0, '0.00', '0.00'),
(574, 574, 0, '2019-09-30 09:29:31', 881, 5, 0, '0.00', '0.00'),
(575, 575, 0, '2019-09-30 09:29:31', 797, 9, 0, '0.00', '0.00'),
(576, 576, 0, '2019-09-30 09:29:31', 565, 5, 0, '0.00', '0.00'),
(577, 577, 0, '2019-09-30 09:29:31', 230, 2, 0, '0.00', '0.00'),
(578, 578, 0, '2019-09-30 09:29:31', 521, 2, 0, '0.00', '0.00'),
(579, 579, 0, '2019-09-30 09:29:31', 492, 3, 0, '0.00', '0.00'),
(580, 580, 0, '2019-09-30 09:29:31', 806, 3, 0, '0.00', '0.00'),
(581, 581, 0, '2019-09-30 09:29:31', 677, 1, 0, '0.00', '0.00'),
(582, 582, 0, '2019-09-30 09:29:31', 367, 10, 0, '0.00', '0.00'),
(583, 583, 0, '2019-09-30 09:29:31', 207, 2, 0, '0.00', '0.00'),
(584, 584, 0, '2019-09-30 09:29:31', 257, 4, 0, '0.00', '0.00'),
(585, 585, 0, '2019-09-30 09:29:31', 378, 5, 0, '0.00', '0.00'),
(586, 586, 0, '2019-09-30 09:29:31', 322, 9, 0, '0.00', '0.00'),
(587, 587, 0, '2019-09-30 09:29:31', 491, 5, 0, '0.00', '0.00'),
(588, 588, 0, '2019-09-30 09:29:31', 807, 1, 0, '0.00', '0.00'),
(589, 589, 0, '2019-09-30 09:29:31', 674, 1, 0, '0.00', '0.00'),
(590, 590, 0, '2019-09-30 09:29:31', 265, 1, 0, '0.00', '0.00'),
(591, 591, 0, '2019-09-30 09:29:31', 887, 4, 0, '0.00', '0.00'),
(592, 592, 0, '2019-09-30 09:29:31', 38, 3, 0, '0.00', '0.00'),
(593, 593, 0, '2019-09-30 09:29:31', 963, 3, 0, '0.00', '0.00'),
(594, 594, 0, '2019-09-30 09:29:31', 805, 7, 0, '0.00', '0.00'),
(595, 595, 0, '2019-09-30 09:29:31', 107, 4, 0, '0.00', '0.00'),
(596, 596, 0, '2019-09-30 09:29:31', 18, 9, 0, '0.00', '0.00'),
(597, 597, 0, '2019-09-30 09:29:31', 500, 4, 0, '0.00', '0.00'),
(598, 598, 0, '2019-09-30 09:29:31', 864, 1, 0, '0.00', '0.00'),
(599, 599, 0, '2019-09-30 09:29:31', 927, 2, 0, '0.00', '0.00'),
(600, 600, 0, '2019-09-30 09:29:31', 259, 3, 0, '0.00', '0.00'),
(601, 601, 0, '2019-09-30 09:29:31', 882, 7, 0, '0.00', '0.00'),
(602, 602, 0, '2019-09-30 09:29:31', 662, 10, 0, '0.00', '0.00'),
(603, 603, 0, '2019-09-30 09:29:31', 328, 9, 0, '0.00', '0.00'),
(604, 604, 0, '2019-09-30 09:29:31', 115, 2, 0, '0.00', '0.00'),
(605, 605, 0, '2019-09-30 09:29:31', 806, 9, 0, '0.00', '0.00'),
(606, 606, 0, '2019-09-30 09:29:31', 406, 9, 0, '0.00', '0.00'),
(607, 607, 0, '2019-09-30 09:29:31', 455, 3, 0, '0.00', '0.00'),
(608, 608, 0, '2019-09-30 09:29:31', 147, 7, 0, '0.00', '0.00'),
(609, 609, 0, '2019-09-30 09:29:31', 603, 8, 0, '0.00', '0.00'),
(610, 610, 0, '2019-09-30 09:29:31', 167, 1, 0, '0.00', '0.00'),
(611, 611, 0, '2019-09-30 09:29:31', 736, 4, 0, '0.00', '0.00'),
(612, 612, 0, '2019-09-30 09:29:31', 80, 9, 0, '0.00', '0.00'),
(613, 613, 0, '2019-09-30 09:29:31', 77, 5, 0, '0.00', '0.00'),
(614, 614, 0, '2019-09-30 09:29:31', 151, 4, 0, '0.00', '0.00'),
(615, 615, 0, '2019-09-30 09:29:31', 442, 2, 0, '0.00', '0.00'),
(616, 616, 0, '2019-09-30 09:29:31', 825, 8, 0, '0.00', '0.00'),
(617, 617, 0, '2019-09-30 09:29:31', 621, 9, 0, '0.00', '0.00'),
(618, 618, 0, '2019-09-30 09:29:31', 159, 5, 0, '0.00', '0.00'),
(619, 619, 0, '2019-09-30 09:29:31', 132, 9, 0, '0.00', '0.00'),
(620, 620, 0, '2019-09-30 09:29:31', 819, 1, 0, '0.00', '0.00'),
(621, 621, 0, '2019-09-30 09:29:31', 751, 3, 0, '0.00', '0.00'),
(622, 622, 0, '2019-09-30 09:29:31', 454, 9, 0, '0.00', '0.00'),
(623, 623, 0, '2019-09-30 09:29:31', 751, 7, 0, '0.00', '0.00'),
(624, 624, 0, '2019-09-30 09:29:31', 393, 10, 0, '0.00', '0.00'),
(625, 625, 0, '2019-09-30 09:29:31', 819, 5, 0, '0.00', '0.00'),
(626, 626, 0, '2019-09-30 09:29:31', 934, 7, 0, '0.00', '0.00'),
(627, 627, 0, '2019-09-30 09:29:31', 704, 10, 0, '0.00', '0.00'),
(628, 628, 0, '2019-09-30 09:29:31', 739, 7, 0, '0.00', '0.00'),
(629, 629, 0, '2019-09-30 09:29:31', 928, 4, 0, '0.00', '0.00'),
(630, 630, 0, '2019-09-30 09:29:31', 149, 3, 0, '0.00', '0.00'),
(631, 631, 0, '2019-09-30 09:29:31', 196, 10, 0, '0.00', '0.00'),
(632, 632, 0, '2019-09-30 09:29:31', 803, 3, 0, '0.00', '0.00'),
(633, 633, 0, '2019-09-30 09:29:31', 382, 2, 0, '0.00', '0.00'),
(634, 634, 0, '2019-09-30 09:29:31', 92, 10, 0, '0.00', '0.00'),
(635, 635, 0, '2019-09-30 09:29:31', 284, 6, 0, '0.00', '0.00'),
(636, 636, 0, '2019-09-30 09:29:31', 203, 9, 0, '0.00', '0.00'),
(637, 637, 0, '2019-09-30 09:29:31', 158, 8, 0, '0.00', '0.00'),
(638, 638, 0, '2019-09-30 09:29:31', 423, 2, 0, '0.00', '0.00'),
(639, 639, 0, '2019-09-30 09:29:31', 296, 5, 0, '0.00', '0.00'),
(640, 640, 0, '2019-09-30 09:29:31', 47, 6, 0, '0.00', '0.00'),
(641, 641, 0, '2019-09-30 09:29:31', 199, 6, 0, '0.00', '0.00'),
(642, 642, 0, '2019-09-30 09:29:31', 452, 7, 0, '0.00', '0.00'),
(643, 643, 0, '2019-09-30 09:29:31', 84, 9, 0, '0.00', '0.00'),
(644, 644, 0, '2019-09-30 09:29:31', 75, 9, 0, '0.00', '0.00'),
(645, 645, 0, '2019-09-30 09:29:31', 737, 7, 0, '0.00', '0.00'),
(646, 646, 0, '2019-09-30 09:29:31', 360, 8, 0, '0.00', '0.00'),
(647, 647, 0, '2019-09-30 09:29:31', 997, 7, 0, '0.00', '0.00'),
(648, 648, 0, '2019-09-30 09:29:31', 758, 10, 0, '0.00', '0.00'),
(649, 649, 0, '2019-09-30 09:29:31', 901, 4, 0, '0.00', '0.00'),
(650, 650, 0, '2019-09-30 09:29:31', 640, 7, 0, '0.00', '0.00'),
(651, 651, 0, '2019-09-30 09:29:31', 937, 8, 0, '0.00', '0.00'),
(652, 652, 0, '2019-09-30 09:29:31', 873, 7, 0, '0.00', '0.00'),
(653, 653, 0, '2019-09-30 09:29:31', 819, 2, 0, '0.00', '0.00'),
(654, 654, 0, '2019-09-30 09:29:31', 374, 8, 0, '0.00', '0.00'),
(655, 655, 0, '2019-09-30 09:29:31', 997, 1, 0, '0.00', '0.00'),
(656, 656, 0, '2019-09-30 09:29:31', 799, 5, 0, '0.00', '0.00'),
(657, 657, 0, '2019-09-30 09:29:31', 464, 6, 0, '0.00', '0.00'),
(658, 658, 0, '2019-09-30 09:29:31', 381, 8, 0, '0.00', '0.00'),
(659, 659, 0, '2019-09-30 09:29:31', 66, 4, 0, '0.00', '0.00'),
(660, 660, 0, '2019-09-30 09:29:31', 148, 10, 0, '0.00', '0.00'),
(661, 661, 0, '2019-09-30 09:29:31', 422, 6, 0, '0.00', '0.00'),
(662, 662, 0, '2019-09-30 09:29:31', 241, 8, 0, '0.00', '0.00'),
(663, 663, 0, '2019-09-30 09:29:31', 416, 4, 0, '0.00', '0.00'),
(664, 664, 0, '2019-09-30 09:29:31', 284, 3, 0, '0.00', '0.00'),
(665, 665, 0, '2019-09-30 09:29:31', 993, 2, 0, '0.00', '0.00'),
(666, 666, 0, '2019-09-30 09:29:31', 758, 4, 0, '0.00', '0.00'),
(667, 667, 0, '2019-09-30 09:29:31', 534, 4, 0, '0.00', '0.00'),
(668, 668, 0, '2019-09-30 09:29:31', 772, 4, 0, '0.00', '0.00'),
(669, 669, 0, '2019-09-30 09:29:31', 245, 2, 0, '0.00', '0.00'),
(670, 670, 0, '2019-09-30 09:29:31', 788, 10, 0, '0.00', '0.00'),
(671, 671, 0, '2019-09-30 09:29:31', 843, 7, 0, '0.00', '0.00'),
(672, 672, 0, '2019-09-30 09:29:31', 776, 5, 0, '0.00', '0.00'),
(673, 673, 0, '2019-09-30 09:29:31', 438, 1, 0, '0.00', '0.00'),
(674, 674, 0, '2019-09-30 09:29:31', 123, 1, 0, '0.00', '0.00'),
(675, 675, 0, '2019-09-30 09:29:31', 758, 9, 0, '0.00', '0.00'),
(676, 676, 0, '2019-09-30 09:29:31', 18, 6, 0, '0.00', '0.00'),
(677, 677, 0, '2019-09-30 09:29:31', 114, 3, 0, '0.00', '0.00'),
(678, 678, 0, '2019-09-30 09:29:31', 334, 8, 0, '0.00', '0.00'),
(679, 679, 0, '2019-09-30 09:29:31', 776, 10, 0, '0.00', '0.00'),
(680, 680, 0, '2019-09-30 09:29:31', 554, 1, 0, '0.00', '0.00'),
(681, 681, 0, '2019-09-30 09:29:31', 151, 6, 0, '0.00', '0.00'),
(682, 682, 0, '2019-09-30 09:29:31', 175, 7, 0, '0.00', '0.00'),
(683, 683, 0, '2019-09-30 09:29:31', 304, 4, 0, '0.00', '0.00'),
(684, 684, 0, '2019-09-30 09:29:31', 139, 8, 0, '0.00', '0.00'),
(685, 685, 0, '2019-09-30 09:29:31', 715, 9, 0, '0.00', '0.00'),
(686, 686, 0, '2019-09-30 09:29:31', 9, 8, 0, '0.00', '0.00'),
(687, 687, 0, '2019-09-30 09:29:31', 389, 9, 0, '0.00', '0.00'),
(688, 688, 0, '2019-09-30 09:29:31', 93, 1, 0, '0.00', '0.00'),
(689, 689, 0, '2019-09-30 09:29:31', 419, 4, 0, '0.00', '0.00'),
(690, 690, 0, '2019-09-30 09:29:31', 850, 4, 0, '0.00', '0.00'),
(691, 691, 0, '2019-09-30 09:29:31', 892, 10, 0, '0.00', '0.00'),
(692, 692, 0, '2019-09-30 09:29:31', 661, 4, 0, '0.00', '0.00'),
(693, 693, 0, '2019-09-30 09:29:31', 558, 2, 0, '0.00', '0.00'),
(694, 694, 0, '2019-09-30 09:29:31', 96, 4, 0, '0.00', '0.00'),
(695, 695, 0, '2019-09-30 09:29:31', 55, 2, 0, '0.00', '0.00'),
(696, 696, 0, '2019-09-30 09:29:31', 453, 3, 0, '0.00', '0.00'),
(697, 697, 0, '2019-09-30 09:29:31', 132, 5, 0, '0.00', '0.00'),
(698, 698, 0, '2019-09-30 09:29:31', 359, 2, 0, '0.00', '0.00'),
(699, 699, 0, '2019-09-30 09:29:31', 132, 2, 0, '0.00', '0.00'),
(700, 700, 0, '2019-09-30 09:29:31', 631, 9, 0, '0.00', '0.00'),
(701, 701, 0, '2019-09-30 09:29:31', 629, 10, 0, '0.00', '0.00'),
(702, 702, 0, '2019-09-30 09:29:31', 49, 1, 0, '0.00', '0.00'),
(703, 703, 0, '2019-09-30 09:29:31', 54, 4, 0, '0.00', '0.00'),
(704, 704, 0, '2019-09-30 09:29:31', 613, 7, 0, '0.00', '0.00'),
(705, 705, 0, '2019-09-30 09:29:31', 252, 6, 0, '0.00', '0.00'),
(706, 706, 0, '2019-09-30 09:29:31', 812, 1, 0, '0.00', '0.00'),
(707, 707, 0, '2019-09-30 09:29:31', 147, 5, 0, '0.00', '0.00'),
(708, 708, 0, '2019-09-30 09:29:31', 199, 2, 0, '0.00', '0.00'),
(709, 709, 0, '2019-09-30 09:29:31', 101, 7, 0, '0.00', '0.00'),
(710, 710, 0, '2019-09-30 09:29:31', 908, 9, 0, '0.00', '0.00'),
(711, 711, 0, '2019-09-30 09:29:31', 357, 7, 0, '0.00', '0.00'),
(712, 712, 0, '2019-09-30 09:29:31', 353, 8, 0, '0.00', '0.00'),
(713, 713, 0, '2019-09-30 09:29:31', 575, 6, 0, '0.00', '0.00'),
(714, 714, 0, '2019-09-30 09:29:31', 334, 4, 0, '0.00', '0.00'),
(715, 715, 0, '2019-09-30 09:29:31', 752, 7, 0, '0.00', '0.00'),
(716, 716, 0, '2019-09-30 09:29:31', 138, 9, 0, '0.00', '0.00'),
(717, 717, 0, '2019-09-30 09:29:31', 938, 9, 0, '0.00', '0.00'),
(718, 718, 0, '2019-09-30 09:29:31', 740, 7, 0, '0.00', '0.00'),
(719, 719, 0, '2019-09-30 09:29:31', 534, 8, 0, '0.00', '0.00'),
(720, 720, 0, '2019-09-30 09:29:31', 135, 7, 0, '0.00', '0.00'),
(721, 721, 0, '2019-09-30 09:29:31', 177, 10, 0, '0.00', '0.00'),
(722, 722, 0, '2019-09-30 09:29:31', 365, 1, 0, '0.00', '0.00'),
(723, 723, 0, '2019-09-30 09:29:31', 807, 10, 0, '0.00', '0.00'),
(724, 724, 0, '2019-09-30 09:29:31', 305, 8, 0, '0.00', '0.00'),
(725, 725, 0, '2019-09-30 09:29:31', 604, 3, 0, '0.00', '0.00'),
(726, 726, 0, '2019-09-30 09:29:31', 53, 2, 0, '0.00', '0.00'),
(727, 727, 0, '2019-09-30 09:29:31', 767, 2, 0, '0.00', '0.00'),
(728, 728, 0, '2019-09-30 09:29:31', 905, 9, 0, '0.00', '0.00'),
(729, 729, 0, '2019-09-30 09:29:31', 666, 7, 0, '0.00', '0.00'),
(730, 730, 0, '2019-09-30 09:29:31', 683, 6, 0, '0.00', '0.00'),
(731, 731, 0, '2019-09-30 09:29:31', 832, 2, 0, '0.00', '0.00'),
(732, 732, 0, '2019-09-30 09:29:31', 27, 5, 0, '0.00', '0.00'),
(733, 733, 0, '2019-09-30 09:29:31', 805, 2, 0, '0.00', '0.00'),
(734, 734, 0, '2019-09-30 09:29:31', 665, 3, 0, '0.00', '0.00'),
(735, 735, 0, '2019-09-30 09:29:31', 4, 7, 0, '0.00', '0.00'),
(736, 736, 0, '2019-09-30 09:29:31', 59, 4, 0, '0.00', '0.00'),
(737, 737, 0, '2019-09-30 09:29:31', 730, 6, 0, '0.00', '0.00'),
(738, 738, 0, '2019-09-30 09:29:31', 588, 5, 0, '0.00', '0.00'),
(739, 739, 0, '2019-09-30 09:29:31', 788, 3, 0, '0.00', '0.00'),
(740, 740, 0, '2019-09-30 09:29:31', 76, 9, 0, '0.00', '0.00'),
(741, 741, 0, '2019-09-30 09:29:31', 306, 6, 0, '0.00', '0.00'),
(742, 742, 0, '2019-09-30 09:29:31', 692, 5, 0, '0.00', '0.00'),
(743, 743, 0, '2019-09-30 09:29:31', 745, 3, 0, '0.00', '0.00'),
(744, 744, 0, '2019-09-30 09:29:31', 927, 10, 0, '0.00', '0.00'),
(745, 745, 0, '2019-09-30 09:29:31', 911, 8, 0, '0.00', '0.00'),
(746, 746, 0, '2019-09-30 09:29:31', 372, 2, 0, '0.00', '0.00'),
(747, 747, 0, '2019-09-30 09:29:31', 449, 7, 0, '0.00', '0.00'),
(748, 748, 0, '2019-09-30 09:29:31', 834, 8, 0, '0.00', '0.00'),
(749, 749, 0, '2019-09-30 09:29:31', 303, 10, 0, '0.00', '0.00'),
(750, 750, 0, '2019-09-30 09:29:31', 269, 7, 0, '0.00', '0.00'),
(751, 751, 0, '2019-09-30 09:29:31', 406, 10, 0, '0.00', '0.00'),
(752, 752, 0, '2019-09-30 09:29:31', 76, 5, 0, '0.00', '0.00'),
(753, 753, 0, '2019-09-30 09:29:31', 771, 9, 0, '0.00', '0.00'),
(754, 754, 0, '2019-09-30 09:29:31', 569, 8, 0, '0.00', '0.00'),
(755, 755, 0, '2019-09-30 09:29:31', 827, 10, 0, '0.00', '0.00'),
(756, 756, 0, '2019-09-30 09:29:31', 683, 10, 0, '0.00', '0.00'),
(757, 757, 0, '2019-09-30 09:29:31', 941, 9, 0, '0.00', '0.00'),
(758, 758, 0, '2019-09-30 09:29:31', 668, 7, 0, '0.00', '0.00'),
(759, 759, 0, '2019-09-30 09:29:31', 433, 1, 0, '0.00', '0.00'),
(760, 760, 0, '2019-09-30 09:29:31', 294, 7, 0, '0.00', '0.00'),
(761, 761, 0, '2019-09-30 09:29:31', 758, 4, 0, '0.00', '0.00'),
(762, 762, 0, '2019-09-30 09:29:31', 95, 2, 0, '0.00', '0.00'),
(763, 763, 0, '2019-09-30 09:29:31', 844, 7, 0, '0.00', '0.00'),
(764, 764, 0, '2019-09-30 09:29:31', 615, 9, 0, '0.00', '0.00'),
(765, 765, 0, '2019-09-30 09:29:31', 571, 2, 0, '0.00', '0.00'),
(766, 766, 0, '2019-09-30 09:29:31', 620, 3, 0, '0.00', '0.00'),
(767, 767, 0, '2019-09-30 09:29:31', 830, 8, 0, '0.00', '0.00'),
(768, 768, 0, '2019-09-30 09:29:31', 946, 7, 0, '0.00', '0.00'),
(769, 769, 0, '2019-09-30 09:29:31', 146, 10, 0, '0.00', '0.00'),
(770, 770, 0, '2019-09-30 09:29:31', 183, 8, 0, '0.00', '0.00'),
(771, 771, 0, '2019-09-30 09:29:31', 323, 1, 0, '0.00', '0.00'),
(772, 772, 0, '2019-09-30 09:29:31', 84, 2, 0, '0.00', '0.00'),
(773, 773, 0, '2019-09-30 09:29:31', 990, 5, 0, '0.00', '0.00'),
(774, 774, 0, '2019-09-30 09:29:31', 681, 2, 0, '0.00', '0.00'),
(775, 775, 0, '2019-09-30 09:29:31', 55, 8, 0, '0.00', '0.00'),
(776, 776, 0, '2019-09-30 09:29:31', 40, 6, 0, '0.00', '0.00'),
(777, 777, 0, '2019-09-30 09:29:31', 114, 3, 0, '0.00', '0.00'),
(778, 778, 0, '2019-09-30 09:29:31', 256, 4, 0, '0.00', '0.00'),
(779, 779, 0, '2019-09-30 09:29:31', 670, 10, 0, '0.00', '0.00'),
(780, 780, 0, '2019-09-30 09:29:31', 935, 1, 0, '0.00', '0.00'),
(781, 781, 0, '2019-09-30 09:29:31', 159, 6, 0, '0.00', '0.00'),
(782, 782, 0, '2019-09-30 09:29:31', 193, 7, 0, '0.00', '0.00'),
(783, 783, 0, '2019-09-30 09:29:31', 724, 4, 0, '0.00', '0.00'),
(784, 784, 0, '2019-09-30 09:29:31', 917, 10, 0, '0.00', '0.00'),
(785, 785, 0, '2019-09-30 09:29:31', 765, 1, 0, '0.00', '0.00'),
(786, 786, 0, '2019-09-30 09:29:31', 430, 7, 0, '0.00', '0.00'),
(787, 787, 0, '2019-09-30 09:29:31', 521, 5, 0, '0.00', '0.00'),
(788, 788, 0, '2019-09-30 09:29:31', 334, 3, 0, '0.00', '0.00'),
(789, 789, 0, '2019-09-30 09:29:31', 591, 4, 0, '0.00', '0.00'),
(790, 790, 0, '2019-09-30 09:29:31', 724, 7, 0, '0.00', '0.00'),
(791, 791, 0, '2019-09-30 09:29:31', 490, 2, 0, '0.00', '0.00'),
(792, 792, 0, '2019-09-30 09:29:31', 372, 4, 0, '0.00', '0.00'),
(793, 793, 0, '2019-09-30 09:29:31', 872, 4, 0, '0.00', '0.00'),
(794, 794, 0, '2019-09-30 09:29:31', 779, 3, 0, '0.00', '0.00');
INSERT INTO `receipt` (`id`, `receipt_id`, `customer_id`, `date_created`, `item_id`, `qty`, `paymentTypeId`, `totalPrice`, `cashReceived`) VALUES
(795, 795, 0, '2019-09-30 09:29:31', 811, 10, 0, '0.00', '0.00'),
(796, 796, 0, '2019-09-30 09:29:31', 926, 10, 0, '0.00', '0.00'),
(797, 797, 0, '2019-09-30 09:29:31', 760, 7, 0, '0.00', '0.00'),
(798, 798, 0, '2019-09-30 09:29:31', 148, 5, 0, '0.00', '0.00'),
(799, 799, 0, '2019-09-30 09:29:31', 355, 4, 0, '0.00', '0.00'),
(800, 800, 0, '2019-09-30 09:29:31', 485, 7, 0, '0.00', '0.00'),
(801, 801, 0, '2019-09-30 09:29:31', 583, 8, 0, '0.00', '0.00'),
(802, 802, 0, '2019-09-30 09:29:31', 700, 2, 0, '0.00', '0.00'),
(803, 803, 0, '2019-09-30 09:29:31', 306, 6, 0, '0.00', '0.00'),
(804, 804, 0, '2019-09-30 09:29:31', 500, 6, 0, '0.00', '0.00'),
(805, 805, 0, '2019-09-30 09:29:31', 980, 2, 0, '0.00', '0.00'),
(806, 806, 0, '2019-09-30 09:29:31', 647, 9, 0, '0.00', '0.00'),
(807, 807, 0, '2019-09-30 09:29:31', 385, 9, 0, '0.00', '0.00'),
(808, 808, 0, '2019-09-30 09:29:31', 29, 9, 0, '0.00', '0.00'),
(809, 809, 0, '2019-09-30 09:29:31', 952, 10, 0, '0.00', '0.00'),
(810, 810, 0, '2019-09-30 09:29:31', 968, 6, 0, '0.00', '0.00'),
(811, 811, 0, '2019-09-30 09:29:31', 89, 1, 0, '0.00', '0.00'),
(812, 812, 0, '2019-09-30 09:29:31', 637, 9, 0, '0.00', '0.00'),
(813, 813, 0, '2019-09-30 09:29:31', 575, 5, 0, '0.00', '0.00'),
(814, 814, 0, '2019-09-30 09:29:31', 248, 1, 0, '0.00', '0.00'),
(815, 815, 0, '2019-09-30 09:29:31', 329, 9, 0, '0.00', '0.00'),
(816, 816, 0, '2019-09-30 09:29:31', 377, 3, 0, '0.00', '0.00'),
(817, 817, 0, '2019-09-30 09:29:31', 68, 10, 0, '0.00', '0.00'),
(818, 818, 0, '2019-09-30 09:29:31', 844, 6, 0, '0.00', '0.00'),
(819, 819, 0, '2019-09-30 09:29:31', 557, 7, 0, '0.00', '0.00'),
(820, 820, 0, '2019-09-30 09:29:31', 585, 5, 0, '0.00', '0.00'),
(821, 821, 0, '2019-09-30 09:29:31', 249, 4, 0, '0.00', '0.00'),
(822, 822, 0, '2019-09-30 09:29:31', 333, 6, 0, '0.00', '0.00'),
(823, 823, 0, '2019-09-30 09:29:31', 155, 9, 0, '0.00', '0.00'),
(824, 824, 0, '2019-09-30 09:29:31', 909, 4, 0, '0.00', '0.00'),
(825, 825, 0, '2019-09-30 09:29:31', 131, 4, 0, '0.00', '0.00'),
(826, 826, 0, '2019-09-30 09:29:31', 785, 10, 0, '0.00', '0.00'),
(827, 827, 0, '2019-09-30 09:29:31', 757, 1, 0, '0.00', '0.00'),
(828, 828, 0, '2019-09-30 09:29:31', 222, 9, 0, '0.00', '0.00'),
(829, 829, 0, '2019-09-30 09:29:31', 67, 1, 0, '0.00', '0.00'),
(830, 830, 0, '2019-09-30 09:29:31', 664, 3, 0, '0.00', '0.00'),
(831, 831, 0, '2019-09-30 09:29:31', 925, 5, 0, '0.00', '0.00'),
(832, 832, 0, '2019-09-30 09:29:31', 522, 10, 0, '0.00', '0.00'),
(833, 833, 0, '2019-09-30 09:29:31', 115, 7, 0, '0.00', '0.00'),
(834, 834, 0, '2019-09-30 09:29:31', 864, 6, 0, '0.00', '0.00'),
(835, 835, 0, '2019-09-30 09:29:31', 17, 9, 0, '0.00', '0.00'),
(836, 836, 0, '2019-09-30 09:29:31', 975, 5, 0, '0.00', '0.00'),
(837, 837, 0, '2019-09-30 09:29:31', 998, 10, 0, '0.00', '0.00'),
(838, 838, 0, '2019-09-30 09:29:31', 735, 6, 0, '0.00', '0.00'),
(839, 839, 0, '2019-09-30 09:29:31', 265, 6, 0, '0.00', '0.00'),
(840, 840, 0, '2019-09-30 09:29:31', 133, 6, 0, '0.00', '0.00'),
(841, 841, 0, '2019-09-30 09:29:31', 349, 10, 0, '0.00', '0.00'),
(842, 842, 0, '2019-09-30 09:29:31', 562, 10, 0, '0.00', '0.00'),
(843, 843, 0, '2019-09-30 09:29:31', 898, 9, 0, '0.00', '0.00'),
(844, 844, 0, '2019-09-30 09:29:31', 516, 2, 0, '0.00', '0.00'),
(845, 845, 0, '2019-09-30 09:29:31', 640, 6, 0, '0.00', '0.00'),
(846, 846, 0, '2019-09-30 09:29:31', 382, 8, 0, '0.00', '0.00'),
(847, 847, 0, '2019-09-30 09:29:31', 516, 10, 0, '0.00', '0.00'),
(848, 848, 0, '2019-09-30 09:29:31', 205, 6, 0, '0.00', '0.00'),
(849, 849, 0, '2019-09-30 09:29:31', 914, 8, 0, '0.00', '0.00'),
(850, 850, 0, '2019-09-30 09:29:31', 136, 6, 0, '0.00', '0.00'),
(851, 851, 0, '2019-09-30 09:29:31', 946, 10, 0, '0.00', '0.00'),
(852, 852, 0, '2019-09-30 09:29:31', 28, 8, 0, '0.00', '0.00'),
(853, 853, 0, '2019-09-30 09:29:31', 282, 10, 0, '0.00', '0.00'),
(854, 854, 0, '2019-09-30 09:29:31', 558, 4, 0, '0.00', '0.00'),
(855, 855, 0, '2019-09-30 09:29:31', 730, 2, 0, '0.00', '0.00'),
(856, 856, 0, '2019-09-30 09:29:31', 37, 9, 0, '0.00', '0.00'),
(857, 857, 0, '2019-09-30 09:29:31', 484, 8, 0, '0.00', '0.00'),
(858, 858, 0, '2019-09-30 09:29:31', 164, 10, 0, '0.00', '0.00'),
(859, 859, 0, '2019-09-30 09:29:31', 41, 9, 0, '0.00', '0.00'),
(860, 860, 0, '2019-09-30 09:29:31', 657, 2, 0, '0.00', '0.00'),
(861, 861, 0, '2019-09-30 09:29:31', 484, 6, 0, '0.00', '0.00'),
(862, 862, 0, '2019-09-30 09:29:31', 118, 9, 0, '0.00', '0.00'),
(863, 863, 0, '2019-09-30 09:29:31', 436, 2, 0, '0.00', '0.00'),
(864, 864, 0, '2019-09-30 09:29:31', 151, 4, 0, '0.00', '0.00'),
(865, 865, 0, '2019-09-30 09:29:31', 126, 3, 0, '0.00', '0.00'),
(866, 866, 0, '2019-09-30 09:29:31', 925, 6, 0, '0.00', '0.00'),
(867, 867, 0, '2019-09-30 09:29:31', 435, 9, 0, '0.00', '0.00'),
(868, 868, 0, '2019-09-30 09:29:31', 266, 3, 0, '0.00', '0.00'),
(869, 869, 0, '2019-09-30 09:29:31', 670, 2, 0, '0.00', '0.00'),
(870, 870, 0, '2019-09-30 09:29:31', 923, 8, 0, '0.00', '0.00'),
(871, 871, 0, '2019-09-30 09:29:31', 965, 7, 0, '0.00', '0.00'),
(872, 872, 0, '2019-09-30 09:29:31', 233, 6, 0, '0.00', '0.00'),
(873, 873, 0, '2019-09-30 09:29:31', 351, 6, 0, '0.00', '0.00'),
(874, 874, 0, '2019-09-30 09:29:31', 545, 7, 0, '0.00', '0.00'),
(875, 875, 0, '2019-09-30 09:29:31', 180, 9, 0, '0.00', '0.00'),
(876, 876, 0, '2019-09-30 09:29:31', 631, 8, 0, '0.00', '0.00'),
(877, 877, 0, '2019-09-30 09:29:31', 432, 1, 0, '0.00', '0.00'),
(878, 878, 0, '2019-09-30 09:29:31', 141, 5, 0, '0.00', '0.00'),
(879, 879, 0, '2019-09-30 09:29:31', 462, 2, 0, '0.00', '0.00'),
(880, 880, 0, '2019-09-30 09:29:31', 430, 8, 0, '0.00', '0.00'),
(881, 881, 0, '2019-09-30 09:29:31', 632, 1, 0, '0.00', '0.00'),
(882, 882, 0, '2019-09-30 09:29:31', 59, 8, 0, '0.00', '0.00'),
(883, 883, 0, '2019-09-30 09:29:31', 494, 6, 0, '0.00', '0.00'),
(884, 884, 0, '2019-09-30 09:29:31', 309, 10, 0, '0.00', '0.00'),
(885, 885, 0, '2019-09-30 09:29:31', 188, 2, 0, '0.00', '0.00'),
(886, 886, 0, '2019-09-30 09:29:31', 850, 10, 0, '0.00', '0.00'),
(887, 887, 0, '2019-09-30 09:29:31', 398, 8, 0, '0.00', '0.00'),
(888, 888, 0, '2019-09-30 09:29:31', 646, 5, 0, '0.00', '0.00'),
(889, 889, 0, '2019-09-30 09:29:31', 940, 10, 0, '0.00', '0.00'),
(890, 890, 0, '2019-09-30 09:29:31', 301, 4, 0, '0.00', '0.00'),
(891, 891, 0, '2019-09-30 09:29:31', 236, 8, 0, '0.00', '0.00'),
(892, 892, 0, '2019-09-30 09:29:31', 311, 3, 0, '0.00', '0.00'),
(893, 893, 0, '2019-09-30 09:29:31', 765, 9, 0, '0.00', '0.00'),
(894, 894, 0, '2019-09-30 09:29:31', 921, 5, 0, '0.00', '0.00'),
(895, 895, 0, '2019-09-30 09:29:31', 468, 7, 0, '0.00', '0.00'),
(896, 896, 0, '2019-09-30 09:29:31', 942, 3, 0, '0.00', '0.00'),
(897, 897, 0, '2019-09-30 09:29:31', 978, 9, 0, '0.00', '0.00'),
(898, 898, 0, '2019-09-30 09:29:31', 598, 4, 0, '0.00', '0.00'),
(899, 899, 0, '2019-09-30 09:29:31', 892, 3, 0, '0.00', '0.00'),
(900, 900, 0, '2019-09-30 09:29:31', 902, 1, 0, '0.00', '0.00'),
(901, 901, 0, '2019-09-30 09:29:31', 196, 10, 0, '0.00', '0.00'),
(902, 902, 0, '2019-09-30 09:29:31', 521, 9, 0, '0.00', '0.00'),
(903, 903, 0, '2019-09-30 09:29:31', 668, 9, 0, '0.00', '0.00'),
(904, 904, 0, '2019-09-30 09:29:31', 414, 6, 0, '0.00', '0.00'),
(905, 905, 0, '2019-09-30 09:29:31', 968, 4, 0, '0.00', '0.00'),
(906, 906, 0, '2019-09-30 09:29:31', 688, 9, 0, '0.00', '0.00'),
(907, 907, 0, '2019-09-30 09:29:31', 851, 10, 0, '0.00', '0.00'),
(908, 908, 0, '2019-09-30 09:29:31', 611, 9, 0, '0.00', '0.00'),
(909, 909, 0, '2019-09-30 09:29:31', 608, 5, 0, '0.00', '0.00'),
(910, 910, 0, '2019-09-30 09:29:31', 226, 3, 0, '0.00', '0.00'),
(911, 911, 0, '2019-09-30 09:29:31', 564, 6, 0, '0.00', '0.00'),
(912, 912, 0, '2019-09-30 09:29:31', 436, 1, 0, '0.00', '0.00'),
(913, 913, 0, '2019-09-30 09:29:31', 539, 1, 0, '0.00', '0.00'),
(914, 914, 0, '2019-09-30 09:29:31', 610, 3, 0, '0.00', '0.00'),
(915, 915, 0, '2019-09-30 09:29:31', 123, 8, 0, '0.00', '0.00'),
(916, 916, 0, '2019-09-30 09:29:31', 717, 3, 0, '0.00', '0.00'),
(917, 917, 0, '2019-09-30 09:29:31', 77, 7, 0, '0.00', '0.00'),
(918, 918, 0, '2019-09-30 09:29:31', 153, 1, 0, '0.00', '0.00'),
(919, 919, 0, '2019-09-30 09:29:31', 688, 8, 0, '0.00', '0.00'),
(920, 920, 0, '2019-09-30 09:29:31', 995, 3, 0, '0.00', '0.00'),
(921, 921, 0, '2019-09-30 09:29:31', 581, 6, 0, '0.00', '0.00'),
(922, 922, 0, '2019-09-30 09:29:31', 34, 6, 0, '0.00', '0.00'),
(923, 923, 0, '2019-09-30 09:29:31', 68, 6, 0, '0.00', '0.00'),
(924, 924, 0, '2019-09-30 09:29:31', 364, 4, 0, '0.00', '0.00'),
(925, 925, 0, '2019-09-30 09:29:31', 147, 1, 0, '0.00', '0.00'),
(926, 926, 0, '2019-09-30 09:29:31', 130, 10, 0, '0.00', '0.00'),
(927, 927, 0, '2019-09-30 09:29:31', 463, 9, 0, '0.00', '0.00'),
(928, 928, 0, '2019-09-30 09:29:31', 700, 3, 0, '0.00', '0.00'),
(929, 929, 0, '2019-09-30 09:29:31', 777, 8, 0, '0.00', '0.00'),
(930, 930, 0, '2019-09-30 09:29:31', 6, 1, 0, '0.00', '0.00'),
(931, 931, 0, '2019-09-30 09:29:31', 968, 8, 0, '0.00', '0.00'),
(932, 932, 0, '2019-09-30 09:29:31', 581, 7, 0, '0.00', '0.00'),
(933, 933, 0, '2019-09-30 09:29:31', 451, 9, 0, '0.00', '0.00'),
(934, 934, 0, '2019-09-30 09:29:31', 187, 5, 0, '0.00', '0.00'),
(935, 935, 0, '2019-09-30 09:29:31', 774, 2, 0, '0.00', '0.00'),
(936, 936, 0, '2019-09-30 09:29:31', 860, 6, 0, '0.00', '0.00'),
(937, 937, 0, '2019-09-30 09:29:31', 486, 4, 0, '0.00', '0.00'),
(938, 938, 0, '2019-09-30 09:29:31', 590, 7, 0, '0.00', '0.00'),
(939, 939, 0, '2019-09-30 09:29:31', 606, 5, 0, '0.00', '0.00'),
(940, 940, 0, '2019-09-30 09:29:31', 876, 5, 0, '0.00', '0.00'),
(941, 941, 0, '2019-09-30 09:29:31', 8, 9, 0, '0.00', '0.00'),
(942, 942, 0, '2019-09-30 09:29:31', 434, 4, 0, '0.00', '0.00'),
(943, 943, 0, '2019-09-30 09:29:31', 42, 1, 0, '0.00', '0.00'),
(944, 944, 0, '2019-09-30 09:29:31', 404, 7, 0, '0.00', '0.00'),
(945, 945, 0, '2019-09-30 09:29:31', 936, 5, 0, '0.00', '0.00'),
(946, 946, 0, '2019-09-30 09:29:31', 368, 3, 0, '0.00', '0.00'),
(947, 947, 0, '2019-09-30 09:29:31', 390, 6, 0, '0.00', '0.00'),
(948, 948, 0, '2019-09-30 09:29:31', 858, 6, 0, '0.00', '0.00'),
(949, 949, 0, '2019-09-30 09:29:31', 720, 3, 0, '0.00', '0.00'),
(950, 950, 0, '2019-09-30 09:29:31', 669, 6, 0, '0.00', '0.00'),
(951, 951, 0, '2019-09-30 09:29:31', 989, 9, 0, '0.00', '0.00'),
(952, 952, 0, '2019-09-30 09:29:31', 457, 10, 0, '0.00', '0.00'),
(953, 953, 0, '2019-09-30 09:29:31', 60, 3, 0, '0.00', '0.00'),
(954, 954, 0, '2019-09-30 09:29:31', 260, 5, 0, '0.00', '0.00'),
(955, 955, 0, '2019-09-30 09:29:31', 294, 6, 0, '0.00', '0.00'),
(956, 956, 0, '2019-09-30 09:29:31', 647, 9, 0, '0.00', '0.00'),
(957, 957, 0, '2019-09-30 09:29:31', 561, 8, 0, '0.00', '0.00'),
(958, 958, 0, '2019-09-30 09:29:31', 297, 9, 0, '0.00', '0.00'),
(959, 959, 0, '2019-09-30 09:29:31', 734, 1, 0, '0.00', '0.00'),
(960, 960, 0, '2019-09-30 09:29:31', 400, 1, 0, '0.00', '0.00'),
(961, 961, 0, '2019-09-30 09:29:31', 19, 7, 0, '0.00', '0.00'),
(962, 962, 0, '2019-09-30 09:29:31', 174, 8, 0, '0.00', '0.00'),
(963, 963, 0, '2019-09-30 09:29:31', 955, 8, 0, '0.00', '0.00'),
(964, 964, 0, '2019-09-30 09:29:31', 752, 6, 0, '0.00', '0.00'),
(965, 965, 0, '2019-09-30 09:29:31', 544, 1, 0, '0.00', '0.00'),
(966, 966, 0, '2019-09-30 09:29:31', 128, 6, 0, '0.00', '0.00'),
(967, 967, 0, '2019-09-30 09:29:31', 113, 6, 0, '0.00', '0.00'),
(968, 968, 0, '2019-09-30 09:29:31', 305, 8, 0, '0.00', '0.00'),
(969, 969, 0, '2019-09-30 09:29:31', 620, 5, 0, '0.00', '0.00'),
(970, 970, 0, '2019-09-30 09:29:31', 296, 10, 0, '0.00', '0.00'),
(971, 971, 0, '2019-09-30 09:29:31', 314, 8, 0, '0.00', '0.00'),
(972, 972, 0, '2019-09-30 09:29:31', 930, 7, 0, '0.00', '0.00'),
(973, 973, 0, '2019-09-30 09:29:31', 307, 8, 0, '0.00', '0.00'),
(974, 974, 0, '2019-09-30 09:29:31', 443, 6, 0, '0.00', '0.00'),
(975, 975, 0, '2019-09-30 09:29:31', 39, 9, 0, '0.00', '0.00'),
(976, 976, 0, '2019-09-30 09:29:31', 722, 9, 0, '0.00', '0.00'),
(977, 977, 0, '2019-09-30 09:29:31', 391, 1, 0, '0.00', '0.00'),
(978, 978, 0, '2019-09-30 09:29:31', 533, 6, 0, '0.00', '0.00'),
(979, 979, 0, '2019-09-30 09:29:31', 962, 4, 0, '0.00', '0.00'),
(980, 980, 0, '2019-09-30 09:29:31', 285, 9, 0, '0.00', '0.00'),
(981, 981, 0, '2019-09-30 09:29:31', 763, 2, 0, '0.00', '0.00'),
(982, 982, 0, '2019-09-30 09:29:31', 6, 3, 0, '0.00', '0.00'),
(983, 983, 0, '2019-09-30 09:29:31', 883, 8, 0, '0.00', '0.00'),
(984, 984, 0, '2019-09-30 09:29:31', 991, 10, 0, '0.00', '0.00'),
(985, 985, 0, '2019-09-30 09:29:31', 124, 8, 0, '0.00', '0.00'),
(986, 986, 0, '2019-09-30 09:29:31', 747, 1, 0, '0.00', '0.00'),
(987, 987, 0, '2019-09-30 09:29:31', 87, 4, 0, '0.00', '0.00'),
(988, 988, 0, '2019-09-30 09:29:31', 889, 9, 0, '0.00', '0.00'),
(989, 989, 0, '2019-09-30 09:29:31', 735, 4, 0, '0.00', '0.00'),
(990, 990, 0, '2019-09-30 09:29:31', 877, 2, 0, '0.00', '0.00'),
(991, 991, 0, '2019-09-30 09:29:31', 880, 1, 0, '0.00', '0.00'),
(992, 992, 0, '2019-09-30 09:29:31', 154, 9, 0, '0.00', '0.00'),
(993, 993, 0, '2019-09-30 09:29:31', 339, 6, 0, '0.00', '0.00'),
(994, 994, 0, '2019-09-30 09:29:31', 450, 6, 0, '0.00', '0.00'),
(995, 995, 0, '2019-09-30 09:29:31', 122, 3, 0, '0.00', '0.00'),
(996, 996, 0, '2019-09-30 09:29:31', 546, 7, 0, '0.00', '0.00'),
(997, 997, 0, '2019-09-30 09:29:31', 703, 1, 0, '0.00', '0.00'),
(998, 998, 0, '2019-09-30 09:29:31', 392, 3, 0, '0.00', '0.00'),
(999, 999, 0, '2019-09-30 09:29:31', 202, 2, 0, '0.00', '0.00'),
(1000, 1000, 0, '2019-09-30 09:29:31', 303, 8, 0, '0.00', '0.00'),
(1001, 1001, 1, '2019-10-14 00:54:17', 1032, 1, 2, '20.00', '0.00'),
(1002, 1002, 1, '2019-10-14 00:54:43', 1032, 1, 2, '20.00', '0.00'),
(1003, 1003, 1, '2019-10-14 00:55:16', 1032, 1, 2, '20.00', '0.00'),
(1004, 1004, 1, '2019-10-14 00:55:42', 1032, 2, 2, '40.00', '0.00'),
(1005, 1005, 1, '2019-10-14 00:56:04', 1032, 1, 2, '20.00', '0.00'),
(1006, 1006, 1, '2019-10-14 00:56:52', 1032, 1, 2, '20.00', '0.00'),
(1007, 1007, 1, '2019-10-14 00:57:18', 1032, 2, 2, '40.00', '0.00'),
(1008, 1008, 1, '2019-10-14 00:57:40', 1025, 1, 2, '0.00', '0.00'),
(1009, 1009, 1, '2019-10-14 00:58:01', 1014, 1, 2, '23.00', '0.00'),
(1010, 1010, 1, '2019-10-14 00:58:42', 1015, 1, 2, '123.00', '0.00'),
(1011, 1011, 1, '2019-10-14 00:59:49', 1024, 1, 2, '0.00', '0.00'),
(1012, 1012, 1, '2019-10-14 01:00:07', 1029, 1, 2, '-2.00', '0.00'),
(1013, 1013, 1, '2019-10-14 01:00:14', 1016, 1, 2, '13.00', '0.00'),
(1014, 1014, 1, '2019-10-14 01:00:29', 1032, 1, 2, '20.00', '0.00'),
(1015, 1015, 1, '2019-10-14 01:00:52', 1006, 1, 2, '123.00', '0.00'),
(1016, 1016, 1, '2019-10-14 01:01:25', 1032, 1, 2, '20.00', '0.00'),
(1017, 1017, 1, '2019-10-14 01:01:33', 1027, 1, 2, '-2.00', '0.00'),
(1018, 1018, 1, '2019-10-14 01:01:54', 1032, 1, 2, '20.00', '0.00'),
(1019, 1019, 1, '2019-10-14 01:02:25', 1032, 1, 2, '20.00', '0.00'),
(1020, 1020, 1, '2019-10-14 01:02:48', 1028, 1, 2, '0.00', '0.00'),
(1021, 1021, 1, '2019-10-14 01:08:51', 1005, 1, 2, '2.00', '0.00'),
(1022, 1022, 1, '2019-10-01 01:18:22', 1000, 1, 2, '191.00', '0.00'),
(1023, 1022, 1, '2019-10-14 01:18:22', 1001, 1, 2, '191.00', '0.00'),
(1024, 1022, 1, '2019-10-14 01:18:22', 1004, 1, 2, '191.00', '0.00'),
(1025, 1022, 1, '2019-10-14 01:18:22', 1026, 1, 2, '191.00', '0.00'),
(1026, 1022, 1, '2019-10-14 01:18:22', 1032, 5, 2, '191.00', '0.00'),
(1027, 1023, 1, '2019-10-14 02:34:01', 999, 1, 2, '677.00', '0.00'),
(1028, 1023, 1, '2019-10-14 02:34:01', 1032, 1, 2, '677.00', '0.00'),
(1029, 1024, 1, '2019-10-14 02:36:15', 996, 1, 2, '690.00', '0.00'),
(1030, 1024, 1, '2019-10-14 02:36:15', 997, 1, 2, '690.00', '0.00'),
(1031, 1024, 1, '2019-10-14 02:36:15', 1032, 2, 2, '690.00', '0.00'),
(1032, 1025, 1, '2019-10-14 02:38:27', 1032, 4, 2, '80.00', '0.00'),
(1033, 1026, 1, '2019-10-14 02:41:52', 1032, 1, 2, '20.00', '0.00'),
(1034, 1027, 1, '2019-10-14 02:43:41', 993, 1, 2, '1190.00', '0.00'),
(1035, 1027, 1, '2019-10-14 02:43:41', 994, 1, 2, '1190.00', '0.00'),
(1036, 1028, 1, '2019-10-14 02:45:22', 992, 1, 2, '496.00', '0.00'),
(1037, 1029, 1, '2019-10-14 02:47:34', 990, 1, 2, '2157.00', '0.00'),
(1038, 1029, 1, '2019-10-14 02:47:34', 991, 1, 2, '2157.00', '0.00'),
(1039, 1029, 1, '2019-10-14 02:47:34', 995, 1, 2, '2157.00', '0.00'),
(1040, 1029, 1, '2019-10-14 02:47:34', 1032, 1, 2, '2157.00', '0.00'),
(1041, 1030, 1, '2019-10-14 02:48:45', 988, 1, 2, '588.00', '0.00'),
(1042, 1030, 1, '2019-10-14 02:48:45', 989, 1, 2, '588.00', '0.00'),
(1043, 1031, 1, '2019-10-14 02:50:02', 984, 1, 2, '955.00', '0.00'),
(1044, 1031, 1, '2019-10-14 02:50:02', 985, 1, 2, '955.00', '0.00'),
(1045, 1032, 1, '2019-10-14 02:50:49', 998, 1, 2, '292.00', '0.00'),
(1046, 1032, 1, '2019-10-14 02:50:49', 1032, 1, 2, '292.00', '0.00'),
(1047, 1033, 1, '2019-10-14 02:55:37', 983, 1, 2, '239.00', '0.00'),
(1048, 1034, 2, '2019-10-14 22:29:24', 986, 2, 1, '8152.00', '0.00'),
(1049, 1034, 2, '2019-10-14 22:29:24', 987, 10, 1, '8152.00', '0.00'),
(1050, 1034, 2, '2019-10-14 22:29:24', 1032, 10, 1, '8152.00', '0.00'),
(1051, 1034, 2, '2019-10-14 22:29:24', 1033, 10, 1, '8152.00', '0.00');

-- --------------------------------------------------------

--
-- Table structure for table `sales`
--

CREATE TABLE `sales` (
  `id` int(11) NOT NULL,
  `starting_date` timestamp NOT NULL DEFAULT '0000-00-00 00:00:00' ON UPDATE CURRENT_TIMESTAMP,
  `ending_date` timestamp NOT NULL DEFAULT '0000-00-00 00:00:00',
  `customerCount` int(11) NOT NULL,
  `revenue` decimal(12,2) NOT NULL,
  `date_created` timestamp NOT NULL DEFAULT CURRENT_TIMESTAMP
) ENGINE=InnoDB DEFAULT CHARSET=latin1;

--
-- Dumping data for table `sales`
--

INSERT INTO `sales` (`id`, `starting_date`, `ending_date`, `customerCount`, `revenue`, `date_created`) VALUES
(1001, '2019-10-10 16:00:00', '2019-10-11 16:00:00', 2, '1000.00', '2019-10-14 06:38:03'),
(1002, '2019-09-30 16:00:00', '2019-10-14 16:00:00', 33, '20432.00', '2019-10-14 09:30:10');

-- --------------------------------------------------------

--
-- Table structure for table `users`
--

CREATE TABLE `users` (
  `id` int(11) NOT NULL,
  `username` varchar(255) NOT NULL,
  `password` varchar(255) NOT NULL,
  `usertypeId` int(11) NOT NULL,
  `isLogin` smallint(6) NOT NULL DEFAULT '0'
) ENGINE=InnoDB DEFAULT CHARSET=latin1;

--
-- Dumping data for table `users`
--

INSERT INTO `users` (`id`, `username`, `password`, `usertypeId`, `isLogin`) VALUES
(1, 'bgemry', '123123', 1, 0),
(3, 'nodado', '222', 2, 0);

-- --------------------------------------------------------

--
-- Table structure for table `usertypes`
--

CREATE TABLE `usertypes` (
  `id` int(11) NOT NULL,
  `usertype` varchar(128) NOT NULL
) ENGINE=InnoDB DEFAULT CHARSET=latin1;

--
-- Dumping data for table `usertypes`
--

INSERT INTO `usertypes` (`id`, `usertype`) VALUES
(1, 'admin'),
(2, 'employee\r\n');

--
-- Indexes for dumped tables
--

--
-- Indexes for table `activity_logs`
--
ALTER TABLE `activity_logs`
  ADD PRIMARY KEY (`id`);

--
-- Indexes for table `customers`
--
ALTER TABLE `customers`
  ADD PRIMARY KEY (`id`);

--
-- Indexes for table `itemreturns`
--
ALTER TABLE `itemreturns`
  ADD PRIMARY KEY (`id`);

--
-- Indexes for table `items`
--
ALTER TABLE `items`
  ADD PRIMARY KEY (`id`);

--
-- Indexes for table `itemsarchived`
--
ALTER TABLE `itemsarchived`
  ADD PRIMARY KEY (`id`);

--
-- Indexes for table `paymenttype`
--
ALTER TABLE `paymenttype`
  ADD PRIMARY KEY (`id`);

--
-- Indexes for table `receipt`
--
ALTER TABLE `receipt`
  ADD PRIMARY KEY (`id`);

--
-- Indexes for table `sales`
--
ALTER TABLE `sales`
  ADD PRIMARY KEY (`id`);

--
-- Indexes for table `users`
--
ALTER TABLE `users`
  ADD PRIMARY KEY (`id`);

--
-- Indexes for table `usertypes`
--
ALTER TABLE `usertypes`
  ADD PRIMARY KEY (`id`);

--
-- AUTO_INCREMENT for dumped tables
--

--
-- AUTO_INCREMENT for table `activity_logs`
--
ALTER TABLE `activity_logs`
  MODIFY `id` int(11) NOT NULL AUTO_INCREMENT, AUTO_INCREMENT=112;

--
-- AUTO_INCREMENT for table `customers`
--
ALTER TABLE `customers`
  MODIFY `id` int(11) NOT NULL AUTO_INCREMENT, AUTO_INCREMENT=3;

--
-- AUTO_INCREMENT for table `itemreturns`
--
ALTER TABLE `itemreturns`
  MODIFY `id` int(11) NOT NULL AUTO_INCREMENT, AUTO_INCREMENT=3;

--
-- AUTO_INCREMENT for table `items`
--
ALTER TABLE `items`
  MODIFY `id` int(11) NOT NULL AUTO_INCREMENT, AUTO_INCREMENT=1034;

--
-- AUTO_INCREMENT for table `itemsarchived`
--
ALTER TABLE `itemsarchived`
  MODIFY `id` int(11) NOT NULL AUTO_INCREMENT;

--
-- AUTO_INCREMENT for table `paymenttype`
--
ALTER TABLE `paymenttype`
  MODIFY `id` int(11) NOT NULL AUTO_INCREMENT, AUTO_INCREMENT=3;

--
-- AUTO_INCREMENT for table `receipt`
--
ALTER TABLE `receipt`
  MODIFY `id` int(11) NOT NULL AUTO_INCREMENT, AUTO_INCREMENT=1052;

--
-- AUTO_INCREMENT for table `sales`
--
ALTER TABLE `sales`
  MODIFY `id` int(11) NOT NULL AUTO_INCREMENT, AUTO_INCREMENT=1003;

--
-- AUTO_INCREMENT for table `users`
--
ALTER TABLE `users`
  MODIFY `id` int(11) NOT NULL AUTO_INCREMENT, AUTO_INCREMENT=4;

--
-- AUTO_INCREMENT for table `usertypes`
--
ALTER TABLE `usertypes`
  MODIFY `id` int(11) NOT NULL AUTO_INCREMENT, AUTO_INCREMENT=3;
COMMIT;

/*!40101 SET CHARACTER_SET_CLIENT=@OLD_CHARACTER_SET_CLIENT */;
/*!40101 SET CHARACTER_SET_RESULTS=@OLD_CHARACTER_SET_RESULTS */;
/*!40101 SET COLLATION_CONNECTION=@OLD_COLLATION_CONNECTION */;
